call_id,date_key,time_key,zone_id,building_id,event_type_id,priority_level,reported_at,resolved_at,response_time_minutes
E001,20250916,152211,Z4,B073,ET01,High,2025-09-16 15:22:11,2025-09-16 15:52:11,30
E002,20250916,084609,Z3,B048,ET07,Low,2025-09-16 08:46:09,2025-09-16 09:55:09,69
E003,20250912,213328,Z1,B178,ET04,Medium,2025-09-12 21:33:28,2025-09-12 22:29:28,56
E004,20250925,084543,Z5,B077,ET06,Medium,2025-09-25 08:45:43,2025-09-25 09:32:43,47
E005,20250930,025829,Z3,B201,ET07,Medium,2025-09-30 02:58:29,2025-09-30 03:42:29,44
E006,20250916,135928,Z2,B000,ET02,Medium,2025-09-16 13:59:28,2025-09-16 14:49:28,50
E007,20250916,102112,Z2,B000,ET05,Low,2025-09-16 10:21:12,2025-09-16 12:17:12,116
E008,20250924,110420,Z3,B000,ET06,Low,2025-09-24 11:04:20,2025-09-24 12:40:20,96
E009,20250922,121146,Z4,B000,ET03,Medium,2025-09-22 12:11:46,2025-09-22 12:59:46,48
E010,20250903,165549,Z1,B000,ET04,Medium,2025-09-03 16:55:49,2025-09-03 17:34:49,39
E011,20250925,062044,Z3,B000,ET01,Medium,2025-09-25 06:20:44,2025-09-25 07:12:44,52
E012,20250901,010559,Z3,B283,ET02,Medium,2025-09-01 01:05:59,2025-09-01 02:04:59,59
E013,20250926,064128,Z2,B296,ET04,Medium,2025-09-26 06:41:28,2025-09-26 07:17:28,36
E014,20250914,151027,Z5,B000,ET01,Medium,2025-09-14 15:10:27,2025-09-14 15:50:27,40
E015,20250910,182554,Z5,B011,ET04,Medium,2025-09-10 18:25:54,2025-09-10 19:14:54,49
E016,20250925,121818,Z5,B148,ET02,Medium,2025-09-25 12:18:18,2025-09-25 13:04:18,46
E017,20250903,203123,Z1,B149,ET04,Low,2025-09-03 20:31:23,2025-09-03 21:44:23,73
E018,20250917,123328,Z4,B109,ET05,Medium,2025-09-17 12:33:28,2025-09-17 13:16:28,43
E019,20250907,224556,Z5,B056,ET01,Medium,2025-09-07 22:45:56,2025-09-07 23:43:56,58
E020,20250908,130811,Z2,B016,ET07,High,2025-09-08 13:08:11,2025-09-08 13:38:11,30
E021,20250910,235724,Z2,B000,ET06,Medium,2025-09-10 23:57:24,2025-09-11 00:52:24,55
E022,20250925,144928,Z2,B076,ET03,High,2025-09-25 14:49:28,2025-09-25 15:19:28,30
E023,20250918,050334,Z5,B000,ET05,High,2025-09-18 05:03:34,2025-09-18 05:11:34,8
E024,20250909,010826,Z5,B141,ET01,Medium,2025-09-09 01:08:26,2025-09-09 01:39:26,31
E025,20250920,122632,Z1,B000,ET07,Medium,2025-09-20 12:26:32,2025-09-20 12:58:32,32
E026,20250919,031320,Z4,B114,ET07,Low,2025-09-19 03:13:20,2025-09-19 04:46:20,93
E027,20250906,133630,Z3,B000,ET05,Low,2025-09-06 13:36:30,2025-09-06 14:39:30,63
E028,20250925,164134,Z2,B208,ET03,Medium,2025-09-25 16:41:34,2025-09-25 17:16:34,35
E029,20250914,220615,Z2,B217,ET06,Medium,2025-09-14 22:06:15,2025-09-14 22:52:15,46
E030,20250923,121838,Z3,B005,ET02,High,2025-09-23 12:18:38,2025-09-23 12:29:38,11
E031,20250927,101836,Z2,B000,ET04,Medium,2025-09-27 10:18:36,2025-09-27 11:04:36,46
E032,20250926,165231,Z3,B191,ET03,Medium,2025-09-26 16:52:31,2025-09-26 17:51:31,59
E033,20250903,110515,Z3,B000,ET07,Low,2025-09-03 11:05:15,2025-09-03 12:23:15,78
E034,20250919,032014,Z1,B000,ET06,Medium,2025-09-19 03:20:14,2025-09-19 04:15:14,55
E035,20250917,204035,Z2,B023,ET05,High,2025-09-17 20:40:35,2025-09-17 20:55:35,15
E036,20250912,012647,Z1,B163,ET03,Low,2025-09-12 01:26:47,2025-09-12 03:14:47,108
E037,20250904,022400,Z1,B024,ET01,Low,2025-09-04 02:24:00,2025-09-04 03:40:00,76
E038,20250914,224748,Z2,B167,ET05,High,2025-09-14 22:47:48,2025-09-14 23:12:48,25
E039,20250919,114924,Z4,B000,ET02,Medium,2025-09-19 11:49:24,2025-09-19 12:40:24,51
E040,20250930,001121,Z1,B274,ET04,Low,2025-09-30 00:11:21,2025-09-30 01:44:21,93
E041,20250902,123650,Z5,B000,ET01,Low,2025-09-02 12:36:50,2025-09-02 14:13:50,97
E042,20250907,020348,Z2,B000,ET07,Low,2025-09-07 02:03:48,2025-09-07 03:24:48,81
E043,20250927,011044,Z1,B000,ET06,Medium,2025-09-27 01:10:44,2025-09-27 01:51:44,41
E044,20250928,175325,Z3,B221,ET03,Medium,2025-09-28 17:53:25,2025-09-28 18:33:25,40
E045,20250906,205647,Z1,B193,ET05,Medium,2025-09-06 20:56:47,2025-09-06 21:51:47,55
E046,20250906,014701,Z1,B000,ET04,Medium,2025-09-06 01:47:01,2025-09-06 02:19:01,32
E047,20250930,150613,Z3,B060,ET01,High,2025-09-30 15:06:13,2025-09-30 15:22:13,16
E048,20250904,123125,Z2,B000,ET03,Low,2025-09-04 12:31:25,2025-09-04 13:47:25,76
E049,20250925,021849,Z3,B000,ET07,Medium,2025-09-25 02:18:49,2025-09-25 03:11:49,53
E050,20250923,012612,Z3,B079,ET06,Low,2025-09-23 01:26:12,2025-09-23 02:37:12,71
E051,20250921,064017,Z3,B000,ET06,Medium,2025-09-21 06:40:17,2025-09-21 07:25:17,45
E052,20250916,090412,Z5,B119,ET01,Medium,2025-09-16 09:04:12,2025-09-16 09:38:12,34
E053,20250912,182739,Z1,B000,ET05,High,2025-09-12 18:27:39,2025-09-12 18:38:39,11
E054,20250903,184503,Z3,B164,ET04,Medium,2025-09-03 18:45:03,2025-09-03 19:40:03,55
E055,20250921,094958,Z4,B000,ET07,Low,2025-09-21 09:49:58,2025-09-21 11:28:58,99
E056,20250915,005059,Z5,B082,ET03,Medium,2025-09-15 00:50:59,2025-09-15 01:30:59,40
E057,20250927,170932,Z3,B243,ET02,Medium,2025-09-27 17:09:32,2025-09-27 17:58:32,49
E058,20250923,101841,Z2,B288,ET05,Low,2025-09-23 10:18:41,2025-09-23 12:18:41,120
E059,20250925,221106,Z1,B000,ET03,Medium,2025-09-25 22:11:06,2025-09-25 23:09:06,58
E060,20250930,202044,Z2,B000,ET07,Medium,2025-09-30 20:20:44,2025-09-30 21:17:44,57
E061,20250911,115704,Z4,B000,ET04,Medium,2025-09-11 11:57:04,2025-09-11 12:45:04,48
E062,20250903,075722,Z2,B000,ET06,Medium,2025-09-03 07:57:22,2025-09-03 08:51:22,54
E063,20250927,183120,Z4,B214,ET05,Medium,2025-09-27 18:31:20,2025-09-27 19:10:20,39
E064,20250922,214045,Z5,B095,ET04,Medium,2025-09-22 21:40:45,2025-09-22 22:15:45,35
E065,20250908,185439,Z4,B068,ET06,Medium,2025-09-08 18:54:39,2025-09-08 19:33:39,39
E066,20250905,131234,Z5,B000,ET04,Medium,2025-09-05 13:12:34,2025-09-05 13:59:34,47
E067,20250929,020136,Z1,B000,ET03,Low,2025-09-29 02:01:36,2025-09-29 03:36:36,95
E068,20250912,053524,Z2,B000,ET02,Medium,2025-09-12 05:35:24,2025-09-12 06:06:24,31
E069,20250904,103058,Z2,B042,ET01,High,2025-09-04 10:30:58,2025-09-04 10:57:58,27
E070,20250911,062533,Z4,B269,ET05,Low,2025-09-11 06:25:33,2025-09-11 08:23:33,118
E071,20250914,100650,Z5,B208,ET05,Low,2025-09-14 10:06:50,2025-09-14 11:34:50,88
E072,20250930,135408,Z2,B000,ET06,Low,2025-09-30 13:54:08,2025-09-30 15:38:08,104
E073,20250904,053841,Z2,B041,ET03,Medium,2025-09-04 05:38:41,2025-09-04 06:21:41,43
E074,20250920,153933,Z1,B252,ET01,Low,2025-09-20 15:39:33,2025-09-20 17:31:33,112
E075,20250919,074923,Z5,B058,ET02,Medium,2025-09-19 07:49:23,2025-09-19 08:22:23,33
E076,20250904,014850,Z5,B163,ET07,Low,2025-09-04 01:48:50,2025-09-04 03:15:50,87
E077,20250913,095716,Z5,B109,ET01,Medium,2025-09-13 09:57:16,2025-09-13 10:29:16,32
E078,20250909,212914,Z5,B000,ET06,Medium,2025-09-09 21:29:14,2025-09-09 22:10:14,41
E079,20250909,181652,Z4,B000,ET03,Medium,2025-09-09 18:16:52,2025-09-09 19:07:52,51
E080,20250922,155940,Z4,B016,ET05,Medium,2025-09-22 15:59:40,2025-09-22 16:51:40,52
E081,20250926,190103,Z5,B000,ET07,Low,2025-09-26 19:01:03,2025-09-26 20:19:03,78
E082,20250915,195542,Z3,B000,ET07,Medium,2025-09-15 19:55:42,2025-09-15 20:38:42,43
E083,20250916,130335,Z5,B101,ET03,High,2025-09-16 13:03:35,2025-09-16 13:17:35,14
E084,20250911,185350,Z5,B273,ET06,Medium,2025-09-11 18:53:50,2025-09-11 19:40:50,47
E085,20250924,145339,Z3,B212,ET04,Medium,2025-09-24 14:53:39,2025-09-24 15:31:39,38
E086,20250930,200350,Z2,B258,ET01,High,2025-09-30 20:03:50,2025-09-30 20:21:50,18
E087,20250919,153855,Z3,B082,ET02,Medium,2025-09-19 15:38:55,2025-09-19 16:20:55,42
E088,20250903,222853,Z5,B000,ET05,Low,2025-09-03 22:28:53,2025-09-03 23:34:53,66
E089,20250920,011312,Z3,B000,ET02,Low,2025-09-20 01:13:12,2025-09-20 03:12:12,119
E090,20250929,201608,Z3,B112,ET04,Medium,2025-09-29 20:16:08,2025-09-29 21:02:08,46
E091,20250924,194845,Z5,B179,ET01,High,2025-09-24 19:48:45,2025-09-24 20:06:45,18
E092,20250919,153001,Z3,B234,ET06,Medium,2025-09-19 15:30:01,2025-09-19 16:11:01,41
E093,20250905,023640,Z5,B235,ET02,Medium,2025-09-05 02:36:40,2025-09-05 03:31:40,55
E094,20250922,180952,Z4,B210,ET06,Low,2025-09-22 18:09:52,2025-09-22 19:32:52,83
E095,20250915,094955,Z1,B199,ET02,Medium,2025-09-15 09:49:55,2025-09-15 10:35:55,46
E096,20250908,111553,Z4,B128,ET02,Low,2025-09-08 11:15:53,2025-09-08 12:20:53,65
E097,20250911,202641,Z4,B080,ET02,Low,2025-09-11 20:26:41,2025-09-11 21:38:41,72
E098,20250926,103818,Z3,B000,ET03,Low,2025-09-26 10:38:18,2025-09-26 11:41:18,63
E099,20250912,092414,Z5,B148,ET05,Medium,2025-09-12 09:24:14,2025-09-12 10:20:14,56
E100,20250906,180630,Z5,B000,ET06,Medium,2025-09-06 18:06:30,2025-09-06 19:04:30,58
E101,20250907,105143,Z2,B172,ET07,High,2025-09-07 10:51:43,2025-09-07 11:20:43,29
E102,20250905,203819,Z1,B000,ET02,Medium,2025-09-05 20:38:19,2025-09-05 21:08:19,30
E103,20250921,124121,Z5,B049,ET01,Low,2025-09-21 12:41:21,2025-09-21 13:48:21,67
E104,20250921,145733,Z2,B244,ET01,Medium,2025-09-21 14:57:33,2025-09-21 15:28:33,31
E105,20250929,072311,Z4,B000,ET01,Low,2025-09-29 07:23:11,2025-09-29 08:45:11,82
E106,20250923,204656,Z2,B275,ET06,High,2025-09-23 20:46:56,2025-09-23 21:08:56,22
E107,20250923,050901,Z1,B209,ET02,Low,2025-09-23 05:09:01,2025-09-23 06:17:01,68
E108,20250923,053925,Z5,B002,ET05,High,2025-09-23 05:39:25,2025-09-23 06:09:25,30
E109,20250925,225516,Z2,B140,ET03,High,2025-09-25 22:55:16,2025-09-25 23:18:16,23
E110,20250918,115847,Z2,B185,ET05,Medium,2025-09-18 11:58:47,2025-09-18 12:41:47,43
E111,20250902,142657,Z2,B000,ET06,Medium,2025-09-02 14:26:57,2025-09-02 15:11:57,45
E112,20250916,003957,Z3,B050,ET07,Medium,2025-09-16 00:39:57,2025-09-16 01:12:57,33
E113,20250908,220306,Z5,B023,ET06,Medium,2025-09-08 22:03:06,2025-09-08 22:39:06,36
E114,20250909,183059,Z5,B017,ET01,Medium,2025-09-09 18:30:59,2025-09-09 19:29:59,59
E115,20250917,230125,Z5,B000,ET06,High,2025-09-17 23:01:25,2025-09-17 23:30:25,29
E116,20250912,104823,Z3,B000,ET05,Medium,2025-09-12 10:48:23,2025-09-12 11:18:23,30
E117,20250925,130928,Z4,B128,ET05,High,2025-09-25 13:09:28,2025-09-25 13:21:28,12
E118,20250925,145109,Z5,B000,ET07,Medium,2025-09-25 14:51:09,2025-09-25 15:41:09,50
E119,20250920,231822,Z1,B064,ET05,High,2025-09-20 23:18:22,2025-09-20 23:34:22,16
E120,20250906,022710,Z4,B000,ET07,Low,2025-09-06 02:27:10,2025-09-06 03:37:10,70
E121,20250921,030855,Z4,B000,ET07,High,2025-09-21 03:08:55,2025-09-21 03:29:55,21
E122,20250925,232732,Z4,B000,ET03,Medium,2025-09-25 23:27:32,2025-09-26 00:03:32,36
E123,20250915,180104,Z1,B000,ET03,Medium,2025-09-15 18:01:04,2025-09-15 18:56:04,55
E124,20250913,213957,Z3,B277,ET06,Low,2025-09-13 21:39:57,2025-09-13 23:17:57,98
E125,20250912,005801,Z2,B108,ET04,Medium,2025-09-12 00:58:01,2025-09-12 01:51:01,53
E126,20250905,172430,Z5,B047,ET05,Medium,2025-09-05 17:24:30,2025-09-05 18:07:30,43
E127,20250918,203144,Z1,B000,ET04,Medium,2025-09-18 20:31:44,2025-09-18 21:01:44,30
E128,20250925,050458,Z5,B000,ET06,Medium,2025-09-25 05:04:58,2025-09-25 06:02:58,58
E129,20250913,060350,Z1,B000,ET07,Medium,2025-09-13 06:03:50,2025-09-13 06:51:50,48
E130,20250926,143514,Z4,B239,ET02,Medium,2025-09-26 14:35:14,2025-09-26 15:17:14,42
E131,20250906,085442,Z3,B249,ET07,Low,2025-09-06 08:54:42,2025-09-06 10:34:42,100
E132,20250928,055649,Z5,B000,ET05,High,2025-09-28 05:56:49,2025-09-28 06:03:49,7
E133,20250923,101001,Z1,B295,ET07,Medium,2025-09-23 10:10:01,2025-09-23 11:05:01,55
E134,20250902,174010,Z5,B269,ET03,Low,2025-09-02 17:40:10,2025-09-02 18:44:10,64
E135,20250924,180210,Z3,B128,ET07,Low,2025-09-24 18:02:10,2025-09-24 19:34:10,92
E136,20250903,185155,Z4,B127,ET03,Medium,2025-09-03 18:51:55,2025-09-03 19:43:55,52
E137,20250905,014441,Z4,B000,ET02,Medium,2025-09-05 01:44:41,2025-09-05 02:37:41,53
E138,20250904,225316,Z2,B000,ET07,Medium,2025-09-04 22:53:16,2025-09-04 23:51:16,58
E139,20250901,045951,Z5,B141,ET07,Low,2025-09-01 04:59:51,2025-09-01 06:17:51,78
E140,20250914,004219,Z1,B215,ET05,High,2025-09-14 00:42:19,2025-09-14 00:51:19,9
E141,20250922,231755,Z1,B174,ET05,Medium,2025-09-22 23:17:55,2025-09-22 23:50:55,33
E142,20250923,035050,Z5,B055,ET02,Medium,2025-09-23 03:50:50,2025-09-23 04:49:50,59
E143,20250924,142144,Z4,B112,ET06,Medium,2025-09-24 14:21:44,2025-09-24 14:52:44,31
E144,20250919,135008,Z3,B000,ET06,Medium,2025-09-19 13:50:08,2025-09-19 14:25:08,35
E145,20250914,082117,Z3,B192,ET06,Medium,2025-09-14 08:21:17,2025-09-14 09:10:17,49
E146,20250919,120334,Z2,B110,ET02,High,2025-09-19 12:03:34,2025-09-19 12:22:34,19
E147,20250926,031148,Z3,B135,ET02,High,2025-09-26 03:11:48,2025-09-26 03:19:48,8
E148,20250923,182011,Z1,B000,ET03,Low,2025-09-23 18:20:11,2025-09-23 19:48:11,88
E149,20250907,090349,Z2,B267,ET02,Medium,2025-09-07 09:03:49,2025-09-07 09:46:49,43
E150,20250911,123724,Z4,B048,ET02,Low,2025-09-11 12:37:24,2025-09-11 14:22:24,105
E151,20250901,162028,Z5,B142,ET07,Low,2025-09-01 16:20:28,2025-09-01 17:43:28,83
E152,20250930,124011,Z5,B123,ET02,Low,2025-09-30 12:40:11,2025-09-30 14:01:11,81
E153,20250926,135248,Z3,B195,ET06,Low,2025-09-26 13:52:48,2025-09-26 15:18:48,86
E154,20250918,185856,Z3,B033,ET05,Medium,2025-09-18 18:58:56,2025-09-18 19:43:56,45
E155,20250924,125540,Z5,B000,ET03,Medium,2025-09-24 12:55:40,2025-09-24 13:35:40,40
E156,20250913,101647,Z5,B224,ET02,Medium,2025-09-13 10:16:47,2025-09-13 11:02:47,46
E157,20250904,174827,Z3,B276,ET04,Medium,2025-09-04 17:48:27,2025-09-04 18:32:27,44
E158,20250911,054032,Z4,B000,ET02,Low,2025-09-11 05:40:32,2025-09-11 07:02:32,82
E159,20250904,175241,Z4,B006,ET02,High,2025-09-04 17:52:41,2025-09-04 18:21:41,29
E160,20250923,175417,Z4,B034,ET01,Medium,2025-09-23 17:54:17,2025-09-23 18:28:17,34
E161,20250910,225108,Z1,B113,ET02,High,2025-09-10 22:51:08,2025-09-10 22:59:08,8
E162,20250927,171413,Z4,B013,ET01,Medium,2025-09-27 17:14:13,2025-09-27 18:12:13,58
E163,20250909,123742,Z1,B000,ET05,High,2025-09-09 12:37:42,2025-09-09 13:00:42,23
E164,20250921,234804,Z3,B000,ET06,Medium,2025-09-21 23:48:04,2025-09-22 00:18:04,30
E165,20250927,051102,Z5,B140,ET05,Medium,2025-09-27 05:11:02,2025-09-27 05:58:02,47
E166,20250907,224752,Z1,B038,ET04,Low,2025-09-07 22:47:52,2025-09-08 00:29:52,102
E167,20250905,114856,Z2,B000,ET03,Medium,2025-09-05 11:48:56,2025-09-05 12:22:56,34
E168,20250922,124428,Z3,B061,ET01,High,2025-09-22 12:44:28,2025-09-22 12:49:28,5
E169,20250926,184437,Z3,B000,ET03,Medium,2025-09-26 18:44:37,2025-09-26 19:14:37,30
E170,20250928,213033,Z2,B282,ET07,Low,2025-09-28 21:30:33,2025-09-28 23:09:33,99
E171,20250923,102358,Z3,B000,ET06,Medium,2025-09-23 10:23:58,2025-09-23 11:03:58,40
E172,20250919,030818,Z1,B080,ET06,Medium,2025-09-19 03:08:18,2025-09-19 03:45:18,37
E173,20250923,073624,Z1,B120,ET07,Medium,2025-09-23 07:36:24,2025-09-23 08:14:24,38
E174,20250930,075310,Z5,B011,ET06,Medium,2025-09-30 07:53:10,2025-09-30 08:37:10,44
E175,20250920,070012,Z3,B000,ET01,Low,2025-09-20 07:00:12,2025-09-20 08:58:12,118
E176,20250928,112156,Z5,B195,ET07,Medium,2025-09-28 11:21:56,2025-09-28 12:02:56,41
E177,20250915,200245,Z2,B000,ET04,Low,2025-09-15 20:02:45,2025-09-15 21:40:45,98
E178,20250909,143806,Z1,B247,ET05,Medium,2025-09-09 14:38:06,2025-09-09 15:32:06,54
E179,20250910,092137,Z1,B040,ET04,Medium,2025-09-10 09:21:37,2025-09-10 10:15:37,54
E180,20250904,021307,Z3,B142,ET05,Medium,2025-09-04 02:13:07,2025-09-04 02:49:07,36
E181,20250925,193726,Z5,B154,ET07,Medium,2025-09-25 19:37:26,2025-09-25 20:10:26,33
E182,20250908,144417,Z4,B174,ET07,Medium,2025-09-08 14:44:17,2025-09-08 15:26:17,42
E183,20250921,182138,Z1,B022,ET07,High,2025-09-21 18:21:38,2025-09-21 18:45:38,24
E184,20250912,004946,Z4,B000,ET07,Low,2025-09-12 00:49:46,2025-09-12 02:48:46,119
E185,20250905,041611,Z4,B127,ET04,High,2025-09-05 04:16:11,2025-09-05 04:32:11,16
E186,20250926,173527,Z1,B108,ET07,Medium,2025-09-26 17:35:27,2025-09-26 18:16:27,41
E187,20250925,054747,Z1,B249,ET03,High,2025-09-25 05:47:47,2025-09-25 06:09:47,22
E188,20250918,184151,Z5,B057,ET06,Medium,2025-09-18 18:41:51,2025-09-18 19:27:51,46
E189,20250909,151756,Z4,B223,ET06,Medium,2025-09-09 15:17:56,2025-09-09 15:59:56,42
E190,20250922,163239,Z2,B215,ET04,Medium,2025-09-22 16:32:39,2025-09-22 17:08:39,36
E191,20250924,122103,Z4,B146,ET04,Medium,2025-09-24 12:21:03,2025-09-24 12:57:03,36
E192,20250930,211546,Z5,B126,ET07,High,2025-09-30 21:15:46,2025-09-30 21:37:46,22
E193,20250918,220003,Z1,B000,ET02,Low,2025-09-18 22:00:03,2025-09-18 23:42:03,102
E194,20250908,053048,Z5,B000,ET07,Medium,2025-09-08 05:30:48,2025-09-08 06:18:48,48
E195,20250930,204623,Z5,B278,ET05,Medium,2025-09-30 20:46:23,2025-09-30 21:36:23,50
E196,20250923,230943,Z1,B280,ET07,Medium,2025-09-23 23:09:43,2025-09-23 23:57:43,48
E197,20250918,200443,Z3,B134,ET03,Medium,2025-09-18 20:04:43,2025-09-18 20:47:43,43
E198,20250930,235556,Z1,B147,ET01,Low,2025-09-30 23:55:56,2025-10-01 01:14:56,79
E199,20250930,101916,Z4,B000,ET05,Low,2025-09-30 10:19:16,2025-09-30 11:52:16,93
E200,20250920,061348,Z3,B201,ET06,Medium,2025-09-20 06:13:48,2025-09-20 06:49:48,36
E201,20250922,132534,Z1,B025,ET03,Medium,2025-09-22 13:25:34,2025-09-22 14:16:34,51
E202,20250920,140354,Z2,B081,ET07,Medium,2025-09-20 14:03:54,2025-09-20 14:49:54,46
E203,20250903,123833,Z5,B221,ET07,Low,2025-09-03 12:38:33,2025-09-03 14:30:33,112
E204,20250903,094049,Z3,B214,ET07,Medium,2025-09-03 09:40:49,2025-09-03 10:26:49,46
E205,20250912,100351,Z3,B145,ET06,Medium,2025-09-12 10:03:51,2025-09-12 10:33:51,30
E206,20250908,004539,Z4,B000,ET04,Low,2025-09-08 00:45:39,2025-09-08 01:46:39,61
E207,20250917,221658,Z5,B247,ET07,Low,2025-09-17 22:16:58,2025-09-17 23:17:58,61
E208,20250922,064457,Z2,B204,ET01,High,2025-09-22 06:44:57,2025-09-22 07:07:57,23
E209,20250924,053850,Z2,B000,ET03,Low,2025-09-24 05:38:50,2025-09-24 07:09:50,91
E210,20250906,222811,Z4,B259,ET04,High,2025-09-06 22:28:11,2025-09-06 22:41:11,13
E211,20250918,173605,Z2,B000,ET05,Low,2025-09-18 17:36:05,2025-09-18 19:36:05,120
E212,20250904,055621,Z1,B235,ET06,High,2025-09-04 05:56:21,2025-09-04 06:04:21,8
E213,20250929,061503,Z3,B214,ET06,Low,2025-09-29 06:15:03,2025-09-29 07:37:03,82
E214,20250927,140228,Z4,B046,ET01,Medium,2025-09-27 14:02:28,2025-09-27 14:41:28,39
E215,20250922,101457,Z4,B207,ET03,Medium,2025-09-22 10:14:57,2025-09-22 11:09:57,55
E216,20250904,230256,Z4,B000,ET04,Low,2025-09-04 23:02:56,2025-09-05 01:00:56,118
E217,20250904,145346,Z3,B156,ET03,Medium,2025-09-04 14:53:46,2025-09-04 15:50:46,57
E218,20250916,002309,Z1,B099,ET07,Low,2025-09-16 00:23:09,2025-09-16 02:10:09,107
E219,20250929,193344,Z5,B227,ET04,Medium,2025-09-29 19:33:44,2025-09-29 20:32:44,59
E220,20250903,035444,Z2,B033,ET07,High,2025-09-03 03:54:44,2025-09-03 04:04:44,10
E221,20250928,183217,Z1,B230,ET04,Low,2025-09-28 18:32:17,2025-09-28 20:18:17,106
E222,20250905,041645,Z1,B218,ET04,High,2025-09-05 04:16:45,2025-09-05 04:24:45,8
E223,20250904,132253,Z2,B157,ET05,Low,2025-09-04 13:22:53,2025-09-04 15:08:53,106
E224,20250901,003115,Z1,B289,ET01,Medium,2025-09-01 00:31:15,2025-09-01 01:29:15,58
E225,20250929,092650,Z2,B000,ET02,Medium,2025-09-29 09:26:50,2025-09-29 10:01:50,35
E226,20250918,070306,Z3,B000,ET07,Medium,2025-09-18 07:03:06,2025-09-18 07:53:06,50
E227,20250907,143441,Z5,B000,ET06,Medium,2025-09-07 14:34:41,2025-09-07 15:09:41,35
E228,20250924,095308,Z3,B034,ET04,Medium,2025-09-24 09:53:08,2025-09-24 10:38:08,45
E229,20250919,045354,Z3,B061,ET06,Medium,2025-09-19 04:53:54,2025-09-19 05:41:54,48
E230,20250910,035743,Z4,B078,ET05,High,2025-09-10 03:57:43,2025-09-10 04:15:43,18
E231,20250909,184139,Z4,B000,ET03,Low,2025-09-09 18:41:39,2025-09-09 19:47:39,66
E232,20250924,024638,Z3,B000,ET03,Medium,2025-09-24 02:46:38,2025-09-24 03:28:38,42
E233,20250910,123745,Z2,B187,ET02,Low,2025-09-10 12:37:45,2025-09-10 14:34:45,117
E234,20250922,100617,Z3,B112,ET03,High,2025-09-22 10:06:17,2025-09-22 10:26:17,20
E235,20250914,154304,Z4,B000,ET05,Medium,2025-09-14 15:43:04,2025-09-14 16:24:04,41
E236,20250917,090641,Z3,B007,ET07,Medium,2025-09-17 09:06:41,2025-09-17 09:45:41,39
E237,20250927,042810,Z3,B000,ET05,Medium,2025-09-27 04:28:10,2025-09-27 04:58:10,30
E238,20250903,040532,Z2,B216,ET03,Medium,2025-09-03 04:05:32,2025-09-03 04:45:32,40
E239,20250913,060636,Z2,B001,ET06,Medium,2025-09-13 06:06:36,2025-09-13 06:40:36,34
E240,20250922,225749,Z3,B059,ET01,Medium,2025-09-22 22:57:49,2025-09-22 23:31:49,34
E241,20250929,065255,Z1,B021,ET05,High,2025-09-29 06:52:55,2025-09-29 07:10:55,18
E242,20250927,064727,Z1,B000,ET02,Medium,2025-09-27 06:47:27,2025-09-27 07:34:27,47
E243,20250901,174832,Z4,B159,ET01,Medium,2025-09-01 17:48:32,2025-09-01 18:44:32,56
E244,20250927,120403,Z2,B210,ET06,High,2025-09-27 12:04:03,2025-09-27 12:18:03,14
E245,20250925,105825,Z2,B096,ET07,Medium,2025-09-25 10:58:25,2025-09-25 11:49:25,51
E246,20250930,040928,Z4,B027,ET02,Medium,2025-09-30 04:09:28,2025-09-30 04:50:28,41
E247,20250909,174853,Z5,B225,ET05,Medium,2025-09-09 17:48:53,2025-09-09 18:38:53,50
E248,20250913,004308,Z2,B025,ET06,Medium,2025-09-13 00:43:08,2025-09-13 01:16:08,33
E249,20250925,200304,Z5,B062,ET06,Low,2025-09-25 20:03:04,2025-09-25 21:03:04,60
E250,20250927,105518,Z3,B183,ET05,Medium,2025-09-27 10:55:18,2025-09-27 11:30:18,35
E251,20250923,140340,Z5,B077,ET03,High,2025-09-23 14:03:40,2025-09-23 14:17:40,14
E252,20250903,100421,Z2,B000,ET06,Low,2025-09-03 10:04:21,2025-09-03 11:24:21,80
E253,20250916,143647,Z2,B000,ET03,Medium,2025-09-16 14:36:47,2025-09-16 15:06:47,30
E254,20250915,172443,Z3,B195,ET04,Low,2025-09-15 17:24:43,2025-09-15 19:03:43,99
E255,20250915,180955,Z2,B000,ET05,Medium,2025-09-15 18:09:55,2025-09-15 19:05:55,56
E256,20250925,002956,Z3,B150,ET02,Low,2025-09-25 00:29:56,2025-09-25 01:50:56,81
E257,20250901,112056,Z1,B139,ET07,Low,2025-09-01 11:20:56,2025-09-01 12:43:56,83
E258,20250918,235703,Z3,B000,ET02,Medium,2025-09-18 23:57:03,2025-09-19 00:40:03,43
E259,20250912,101736,Z3,B182,ET07,Low,2025-09-12 10:17:36,2025-09-12 11:48:36,91
E260,20250915,121947,Z3,B180,ET03,Medium,2025-09-15 12:19:47,2025-09-15 12:53:47,34
E261,20250901,043807,Z2,B180,ET02,Medium,2025-09-01 04:38:07,2025-09-01 05:37:07,59
E262,20250907,201500,Z1,B119,ET05,Low,2025-09-07 20:15:00,2025-09-07 22:05:00,110
E263,20250908,130348,Z3,B212,ET03,High,2025-09-08 13:03:48,2025-09-08 13:09:48,6
E264,20250910,132622,Z1,B175,ET01,Medium,2025-09-10 13:26:22,2025-09-10 14:03:22,37
E265,20250930,053702,Z3,B063,ET02,Medium,2025-09-30 05:37:02,2025-09-30 06:19:02,42
E266,20250909,153501,Z3,B236,ET07,Medium,2025-09-09 15:35:01,2025-09-09 16:05:01,30
E267,20250930,175805,Z2,B140,ET04,Low,2025-09-30 17:58:05,2025-09-30 19:33:05,95
E268,20250917,124935,Z5,B193,ET06,High,2025-09-17 12:49:35,2025-09-17 13:11:35,22
E269,20250915,202615,Z2,B000,ET02,Low,2025-09-15 20:26:15,2025-09-15 22:23:15,117
E270,20250925,042944,Z5,B000,ET05,Low,2025-09-25 04:29:44,2025-09-25 05:47:44,78
E271,20250902,211443,Z3,B271,ET03,High,2025-09-02 21:14:43,2025-09-02 21:28:43,14
E272,20250915,072244,Z5,B165,ET05,High,2025-09-15 07:22:44,2025-09-15 07:52:44,30
E273,20250916,124209,Z1,B000,ET04,Medium,2025-09-16 12:42:09,2025-09-16 13:17:09,35
E274,20250924,163228,Z1,B015,ET02,Low,2025-09-24 16:32:28,2025-09-24 18:22:28,110
E275,20250930,053607,Z3,B000,ET02,High,2025-09-30 05:36:07,2025-09-30 05:53:07,17
E276,20250908,225022,Z5,B145,ET05,High,2025-09-08 22:50:22,2025-09-08 23:09:22,19
E277,20250909,221256,Z2,B188,ET07,Low,2025-09-09 22:12:56,2025-09-09 23:52:56,100
E278,20250910,054333,Z5,B000,ET04,Low,2025-09-10 05:43:33,2025-09-10 07:35:33,112
E279,20250929,093921,Z1,B000,ET05,Medium,2025-09-29 09:39:21,2025-09-29 10:10:21,31
E280,20250922,120931,Z1,B071,ET06,Medium,2025-09-22 12:09:31,2025-09-22 12:40:31,31
E281,20250912,095817,Z2,B181,ET05,Low,2025-09-12 09:58:17,2025-09-12 11:22:17,84
E282,20250907,164458,Z1,B029,ET06,Medium,2025-09-07 16:44:58,2025-09-07 17:43:58,59
E283,20250920,192652,Z1,B000,ET07,High,2025-09-20 19:26:52,2025-09-20 19:40:52,14
E284,20250907,013712,Z1,B000,ET06,Medium,2025-09-07 01:37:12,2025-09-07 02:30:12,53
E285,20250915,030545,Z1,B000,ET06,High,2025-09-15 03:05:45,2025-09-15 03:28:45,23
E286,20250902,230449,Z3,B000,ET06,Low,2025-09-02 23:04:49,2025-09-03 00:07:49,63
E287,20250915,165856,Z3,B000,ET03,Low,2025-09-15 16:58:56,2025-09-15 18:56:56,118
E288,20250921,210356,Z4,B000,ET01,Medium,2025-09-21 21:03:56,2025-09-21 21:46:56,43
E289,20250923,060515,Z3,B000,ET06,High,2025-09-23 06:05:15,2025-09-23 06:25:15,20
E290,20250922,012807,Z1,B201,ET06,Medium,2025-09-22 01:28:07,2025-09-22 01:59:07,31
E291,20250907,050649,Z1,B108,ET01,Low,2025-09-07 05:06:49,2025-09-07 07:00:49,114
E292,20250910,121612,Z1,B000,ET06,Low,2025-09-10 12:16:12,2025-09-10 13:21:12,65
E293,20250915,123418,Z1,B137,ET03,Medium,2025-09-15 12:34:18,2025-09-15 13:16:18,42
E294,20250905,164352,Z4,B000,ET04,Medium,2025-09-05 16:43:52,2025-09-05 17:14:52,31
E295,20250923,071057,Z4,B000,ET07,Low,2025-09-23 07:10:57,2025-09-23 08:56:57,106
E296,20250925,175741,Z4,B287,ET05,Low,2025-09-25 17:57:41,2025-09-25 19:00:41,63
E297,20250923,024852,Z4,B000,ET04,Medium,2025-09-23 02:48:52,2025-09-23 03:18:52,30
E298,20250905,025407,Z1,B253,ET04,High,2025-09-05 02:54:07,2025-09-05 03:14:07,20
E299,20250902,062649,Z5,B196,ET06,Medium,2025-09-02 06:26:49,2025-09-02 06:56:49,30
E300,20250904,013841,Z4,B000,ET01,Low,2025-09-04 01:38:41,2025-09-04 02:52:41,74
E301,20250901,221100,Z4,B232,ET03,Low,2025-09-01 22:11:00,2025-09-02 00:03:00,112
E302,20250926,004934,Z5,B000,ET03,Medium,2025-09-26 00:49:34,2025-09-26 01:20:34,31
E303,20250930,184559,Z5,B145,ET03,Low,2025-09-30 18:45:59,2025-09-30 20:24:59,99
E304,20250903,065439,Z2,B096,ET02,Low,2025-09-03 06:54:39,2025-09-03 07:57:39,63
E305,20250929,102749,Z5,B000,ET02,High,2025-09-29 10:27:49,2025-09-29 10:35:49,8
E306,20250924,131155,Z1,B282,ET05,Medium,2025-09-24 13:11:55,2025-09-24 13:51:55,40
E307,20250904,113915,Z3,B000,ET03,Low,2025-09-04 11:39:15,2025-09-04 13:28:15,109
E308,20250913,162911,Z5,B000,ET02,Low,2025-09-13 16:29:11,2025-09-13 17:52:11,83
E309,20250916,160947,Z4,B126,ET05,High,2025-09-16 16:09:47,2025-09-16 16:28:47,19
E310,20250922,040128,Z1,B000,ET03,Low,2025-09-22 04:01:28,2025-09-22 05:01:28,60
E311,20250911,030103,Z4,B000,ET03,Low,2025-09-11 03:01:03,2025-09-11 04:47:03,106
E312,20250904,101837,Z2,B077,ET03,High,2025-09-04 10:18:37,2025-09-04 10:30:37,12
E313,20250926,132027,Z5,B098,ET02,High,2025-09-26 13:20:27,2025-09-26 13:26:27,6
E314,20250926,135026,Z4,B148,ET01,Medium,2025-09-26 13:50:26,2025-09-26 14:35:26,45
E315,20250926,170339,Z5,B230,ET04,Low,2025-09-26 17:03:39,2025-09-26 18:30:39,87
E316,20250924,051258,Z2,B200,ET06,Low,2025-09-24 05:12:58,2025-09-24 06:56:58,104
E317,20250917,022256,Z3,B000,ET05,Medium,2025-09-17 02:22:56,2025-09-17 02:55:56,33
E318,20250929,034015,Z1,B000,ET05,Medium,2025-09-29 03:40:15,2025-09-29 04:35:15,55
E319,20250919,091047,Z4,B000,ET04,Medium,2025-09-19 09:10:47,2025-09-19 09:40:47,30
E320,20250916,212333,Z3,B293,ET06,Medium,2025-09-16 21:23:33,2025-09-16 22:16:33,53
E321,20250930,145458,Z2,B245,ET07,Medium,2025-09-30 14:54:58,2025-09-30 15:49:58,55
E322,20250930,081403,Z4,B000,ET03,Medium,2025-09-30 08:14:03,2025-09-30 09:02:03,48
E323,20250908,161644,Z2,B000,ET01,Medium,2025-09-08 16:16:44,2025-09-08 17:07:44,51
E324,20250919,090345,Z1,B209,ET02,Low,2025-09-19 09:03:45,2025-09-19 10:33:45,90
E325,20250926,084722,Z3,B050,ET03,Low,2025-09-26 08:47:22,2025-09-26 10:00:22,73
E326,20250907,092255,Z2,B226,ET02,Medium,2025-09-07 09:22:55,2025-09-07 10:19:55,57
E327,20250903,012600,Z3,B037,ET01,Medium,2025-09-03 01:26:00,2025-09-03 02:16:00,50
E328,20250925,180331,Z1,B000,ET06,Medium,2025-09-25 18:03:31,2025-09-25 18:39:31,36
E329,20250913,064418,Z1,B049,ET06,Medium,2025-09-13 06:44:18,2025-09-13 07:18:18,34
E330,20250914,201703,Z5,B000,ET04,Low,2025-09-14 20:17:03,2025-09-14 21:27:03,70
E331,20250917,221137,Z5,B003,ET04,Medium,2025-09-17 22:11:37,2025-09-17 22:45:37,34
E332,20250918,022241,Z4,B000,ET01,Medium,2025-09-18 02:22:41,2025-09-18 03:22:41,60
E333,20250906,152726,Z4,B000,ET02,High,2025-09-06 15:27:26,2025-09-06 15:42:26,15
E334,20250921,004231,Z5,B000,ET02,High,2025-09-21 00:42:31,2025-09-21 01:02:31,20
E335,20250902,054852,Z5,B197,ET03,Low,2025-09-02 05:48:52,2025-09-02 07:44:52,116
E336,20250922,040515,Z1,B264,ET03,Low,2025-09-22 04:05:15,2025-09-22 05:57:15,112
E337,20250925,015535,Z5,B157,ET06,Low,2025-09-25 01:55:35,2025-09-25 03:02:35,67
E338,20250912,004949,Z4,B104,ET05,Medium,2025-09-12 00:49:49,2025-09-12 01:28:49,39
E339,20250923,121518,Z2,B000,ET05,Low,2025-09-23 12:15:18,2025-09-23 14:03:18,108
E340,20250908,173315,Z1,B221,ET06,Medium,2025-09-08 17:33:15,2025-09-08 18:27:15,54
E341,20250919,073147,Z1,B243,ET03,Medium,2025-09-19 07:31:47,2025-09-19 08:16:47,45
E342,20250920,180246,Z1,B029,ET04,Low,2025-09-20 18:02:46,2025-09-20 19:48:46,106
E343,20250923,222218,Z5,B000,ET02,Low,2025-09-23 22:22:18,2025-09-23 23:30:18,68
E344,20250917,001400,Z3,B077,ET01,High,2025-09-17 00:14:00,2025-09-17 00:42:00,28
E345,20250930,041631,Z5,B137,ET07,Medium,2025-09-30 04:16:31,2025-09-30 05:01:31,45
E346,20250908,135544,Z5,B000,ET04,Medium,2025-09-08 13:55:44,2025-09-08 14:40:44,45
E347,20250918,081304,Z4,B000,ET02,Low,2025-09-18 08:13:04,2025-09-18 09:45:04,92
E348,20250908,004305,Z5,B029,ET05,Medium,2025-09-08 00:43:05,2025-09-08 01:16:05,33
E349,20250927,143059,Z2,B219,ET01,Medium,2025-09-27 14:30:59,2025-09-27 15:11:59,41
E350,20250928,020138,Z4,B278,ET02,Medium,2025-09-28 02:01:38,2025-09-28 02:58:38,57
E351,20250912,184717,Z4,B255,ET07,Low,2025-09-12 18:47:17,2025-09-12 20:10:17,83
E352,20250926,085529,Z2,B000,ET01,High,2025-09-26 08:55:29,2025-09-26 09:17:29,22
E353,20250921,093129,Z3,B158,ET03,Medium,2025-09-21 09:31:29,2025-09-21 10:19:29,48
E354,20250914,142609,Z1,B296,ET07,Low,2025-09-14 14:26:09,2025-09-14 15:44:09,78
E355,20250903,071009,Z4,B283,ET03,Medium,2025-09-03 07:10:09,2025-09-03 08:07:09,57
E356,20250922,005619,Z5,B053,ET03,Medium,2025-09-22 00:56:19,2025-09-22 01:38:19,42
E357,20250906,024714,Z1,B103,ET01,Medium,2025-09-06 02:47:14,2025-09-06 03:19:14,32
E358,20250903,050058,Z5,B161,ET02,Medium,2025-09-03 05:00:58,2025-09-03 05:32:58,32
E359,20250906,191207,Z4,B069,ET04,Low,2025-09-06 19:12:07,2025-09-06 20:55:07,103
E360,20250916,095144,Z1,B027,ET02,Medium,2025-09-16 09:51:44,2025-09-16 10:22:44,31
E361,20250930,053344,Z3,B043,ET01,Medium,2025-09-30 05:33:44,2025-09-30 06:05:44,32
E362,20250923,034741,Z4,B103,ET03,Medium,2025-09-23 03:47:41,2025-09-23 04:19:41,32
E363,20250913,184725,Z3,B209,ET04,Medium,2025-09-13 18:47:25,2025-09-13 19:33:25,46
E364,20250902,072923,Z5,B291,ET03,High,2025-09-02 07:29:23,2025-09-02 07:47:23,18
E365,20250927,163403,Z2,B271,ET05,Medium,2025-09-27 16:34:03,2025-09-27 17:23:03,49
E366,20250927,155049,Z5,B289,ET02,Medium,2025-09-27 15:50:49,2025-09-27 16:28:49,38
E367,20250912,205512,Z3,B000,ET05,Low,2025-09-12 20:55:12,2025-09-12 22:00:12,65
E368,20250908,035158,Z3,B019,ET01,High,2025-09-08 03:51:58,2025-09-08 04:17:58,26
E369,20250913,105914,Z4,B019,ET05,Medium,2025-09-13 10:59:14,2025-09-13 11:35:14,36
E370,20250915,225005,Z5,B271,ET01,Medium,2025-09-15 22:50:05,2025-09-15 23:30:05,40
E371,20250902,094945,Z1,B000,ET03,Low,2025-09-02 09:49:45,2025-09-02 11:30:45,101
E372,20250906,173556,Z4,B000,ET03,Low,2025-09-06 17:35:56,2025-09-06 18:46:56,71
E373,20250928,041012,Z3,B000,ET01,Medium,2025-09-28 04:10:12,2025-09-28 05:09:12,59
E374,20250922,025445,Z1,B000,ET06,Medium,2025-09-22 02:54:45,2025-09-22 03:53:45,59
E375,20250910,192949,Z3,B127,ET03,Medium,2025-09-10 19:29:49,2025-09-10 20:07:49,38
E376,20250911,192010,Z2,B012,ET07,Medium,2025-09-11 19:20:10,2025-09-11 20:05:10,45
E377,20250911,200157,Z2,B166,ET02,Medium,2025-09-11 20:01:57,2025-09-11 20:57:57,56
E378,20250929,140012,Z3,B069,ET03,Medium,2025-09-29 14:00:12,2025-09-29 14:37:12,37
E379,20250926,041540,Z3,B000,ET03,Medium,2025-09-26 04:15:40,2025-09-26 05:09:40,54
E380,20250908,021504,Z1,B094,ET05,Medium,2025-09-08 02:15:04,2025-09-08 03:02:04,47
E381,20250912,235950,Z5,B000,ET05,Medium,2025-09-12 23:59:50,2025-09-13 00:40:50,41
E382,20250901,042902,Z1,B125,ET01,Low,2025-09-01 04:29:02,2025-09-01 06:26:02,117
E383,20250907,042847,Z3,B041,ET05,Medium,2025-09-07 04:28:47,2025-09-07 05:15:47,47
E384,20250909,023939,Z5,B223,ET04,Medium,2025-09-09 02:39:39,2025-09-09 03:14:39,35
E385,20250908,041339,Z4,B098,ET02,Low,2025-09-08 04:13:39,2025-09-08 05:25:39,72
E386,20250921,133028,Z5,B167,ET06,High,2025-09-21 13:30:28,2025-09-21 13:59:28,29
E387,20250911,075353,Z1,B257,ET05,Low,2025-09-11 07:53:53,2025-09-11 09:28:53,95
E388,20250907,051412,Z3,B287,ET01,Medium,2025-09-07 05:14:12,2025-09-07 06:07:12,53
E389,20250909,035943,Z4,B006,ET01,Medium,2025-09-09 03:59:43,2025-09-09 04:49:43,50
E390,20250910,150939,Z5,B213,ET07,Low,2025-09-10 15:09:39,2025-09-10 16:11:39,62
