transaction_id,customer_id,product_id,quantity,transaction_date,branch
7001,210,45,4,2025-08-24 15:52:02,Giza
7002,1419,65,5,2025-08-24 15:57:54,Alexandria
7003,465,3,2,2025-08-24 19:09:48,Aswan
7004,749,94,1,2025-08-25 21:43:32,Giza
7005,1102,73,5,2025-08-26 00:19:22,Luxor
7006,1063,29,4,2025-08-26 14:46:51,Luxor
7007,1522,12,2,2025-08-25 11:51:00,Alexandria
7008,963,4,3,2025-08-26 15:53:47,Alexandria
7009,61,44,3,2025-08-26 18:08:38,Giza
7010,111,8,5,2025-08-25 05:17:34,Giza
7011,1819,69,3,2025-08-24 23:39:07,Luxor
7012,924,75,3,2025-08-24 14:25:47,Luxor
7013,730,48,3,2025-08-24 17:31:21,Luxor
7014,1906,33,1,2025-08-24 19:49:25,Giza
7015,147,66,4,2025-08-24 19:12:29,Aswan
7016,1121,91,3,2025-08-24 06:25:05,Giza
7017,1964,59,3,2025-08-25 02:49:44,Giza
7018,414,74,1,2025-08-26 00:04:15,Giza
7019,316,90,2,2025-08-23 21:18:48,Cairo
7020,1555,5,3,2025-08-26 16:11:38,Luxor
7021,369,8,4,2025-08-24 08:25:01,Aswan
7022,42,76,5,2025-08-25 14:57:28,Aswan
7023,420,34,4,2025-08-26 06:20:41,Cairo
7024,706,53,1,2025-08-24 12:21:38,Aswan
7025,802,61,3,2025-08-24 16:58:54,Cairo
7026,1804,4,1,2025-08-26 07:04:48,Giza
7027,1566,65,3,2025-08-25 19:25:56,Luxor
7028,1132,96,1,2025-08-26 09:17:02,Luxor
7029,322,9,3,2025-08-26 04:13:43,Luxor
7030,707,33,1,2025-08-24 02:31:11,Aswan
7031,1532,51,3,2025-08-26 19:07:37,Cairo
7032,298,24,5,2025-08-24 05:14:58,Cairo
7033,1818,28,2,2025-08-24 11:59:22,Giza
7034,377,58,4,2025-08-25 03:14:11,Giza
7035,415,52,2,2025-08-26 03:09:44,Luxor
7036,1097,22,5,2025-08-25 19:32:46,Aswan
7037,1167,90,3,2025-08-25 02:30:30,Aswan
7038,1902,34,5,2025-08-24 06:22:58,Luxor
7039,1497,89,1,2025-08-26 09:22:44,Alexandria
7040,473,70,3,2025-08-26 12:53:34,Alexandria
7041,767,92,5,2025-08-23 22:41:56,Giza
7042,458,6,4,2025-08-25 11:33:18,Luxor
7043,716,57,1,2025-08-23 23:07:33,Cairo
7044,585,33,3,2025-08-25 02:18:40,Cairo
7045,1779,77,4,2025-08-25 01:50:29,Cairo
7046,1034,50,4,2025-08-25 00:08:20,Alexandria
7047,1484,48,1,2025-08-26 04:35:11,Alexandria
7048,1848,49,5,2025-08-26 13:26:54,Cairo
7049,1539,44,5,2025-08-24 07:22:56,Giza
7050,1966,72,3,2025-08-26 05:50:23,Luxor
7051,1924,96,1,2025-08-25 12:51:46,Aswan
7052,928,1,2,2025-08-23 23:17:29,Luxor
7053,1211,63,3,2025-08-24 20:01:52,Alexandria
7054,1807,68,4,2025-08-25 15:06:24,Aswan
7055,883,9,2,2025-08-25 17:27:10,Aswan
7056,864,56,5,2025-08-23 20:29:52,Cairo
7057,1312,76,2,2025-08-25 21:31:46,Cairo
7058,1270,17,4,2025-08-25 18:24:17,Alexandria
7059,674,81,3,2025-08-25 01:40:52,Giza
7060,1845,60,4,2025-08-25 11:54:02,Luxor
7061,1303,92,5,2025-08-24 12:35:52,Alexandria
7062,311,12,3,2025-08-25 02:26:46,Cairo
7063,1366,65,1,2025-08-25 18:05:53,Aswan
7064,653,33,2,2025-08-24 09:43:52,Aswan
7065,1130,68,5,2025-08-25 12:52:02,Luxor
7066,80,78,2,2025-08-26 02:52:01,Giza
7067,417,56,2,2025-08-24 19:44:17,Aswan
7068,307,71,3,2025-08-25 10:06:41,Alexandria
7069,736,90,5,2025-08-24 20:54:31,Cairo
7070,953,1,4,2025-08-23 22:07:27,Luxor
7071,1988,37,4,2025-08-24 22:16:10,Giza
7072,1629,22,5,2025-08-25 09:04:12,Alexandria
7073,514,54,1,2025-08-26 13:46:17,Cairo
7074,826,85,2,2025-08-24 08:50:46,Cairo
7075,1392,15,4,2025-08-25 18:45:07,Alexandria
7076,353,67,3,2025-08-24 21:56:05,Luxor
7077,1121,66,3,2025-08-25 17:56:16,Aswan
7078,1050,31,4,2025-08-25 15:05:43,Giza
7079,930,71,1,2025-08-25 19:31:38,Giza
7080,1867,10,1,2025-08-23 20:10:30,Alexandria
7081,1196,81,1,2025-08-23 20:14:12,Aswan
7082,1896,79,2,2025-08-25 19:58:57,Cairo
7083,1860,45,3,2025-08-25 14:57:11,Giza
7084,1010,45,1,2025-08-25 16:48:30,Aswan
7085,121,39,5,2025-08-24 10:15:16,Luxor
7086,1019,76,2,2025-08-26 12:37:42,Aswan
7087,1020,31,5,2025-08-24 04:04:54,Aswan
7088,721,50,1,2025-08-26 14:26:31,Aswan
7089,1766,42,3,2025-08-25 06:21:34,Giza
7090,518,87,1,2025-08-24 01:19:43,Aswan
7091,207,56,2,2025-08-26 12:37:19,Alexandria
7092,312,44,1,2025-08-24 01:13:10,Luxor
7093,1047,17,5,2025-08-23 20:02:10,Aswan
7094,850,46,4,2025-08-25 17:41:13,Giza
7095,668,45,2,2025-08-24 10:44:36,Alexandria
7096,1235,42,1,2025-08-24 14:58:01,Alexandria
7097,40,11,1,2025-08-25 12:45:41,Giza
7098,1174,67,3,2025-08-25 03:23:58,Alexandria
7099,1646,48,4,2025-08-25 20:19:24,Aswan
7100,565,78,2,2025-08-25 01:26:51,Aswan
7101,1989,38,4,2025-08-26 07:53:27,Luxor
7102,1377,80,2,2025-08-26 10:09:49,Luxor
7103,1241,42,5,2025-08-24 06:50:36,Alexandria
7104,1566,62,1,2025-08-25 19:09:04,Aswan
7105,85,41,2,2025-08-24 22:21:19,Cairo
7106,426,67,3,2025-08-25 12:47:06,Aswan
7107,237,88,5,2025-08-24 02:20:51,Aswan
7108,1863,46,1,2025-08-25 15:39:49,Alexandria
7109,1580,45,2,2025-08-26 04:40:14,Cairo
7110,1013,47,1,2025-08-24 18:19:14,Giza
7111,1676,21,3,2025-08-24 20:21:14,Giza
7112,1759,36,5,2025-08-24 21:16:51,Giza
7113,6,38,3,2025-08-24 13:37:16,Luxor
7114,1760,36,2,2025-08-24 00:35:43,Alexandria
7115,1157,48,5,2025-08-25 07:40:03,Luxor
7116,1430,44,5,2025-08-25 00:56:05,Luxor
7117,700,43,3,2025-08-26 19:59:19,Alexandria
7118,807,93,5,2025-08-24 13:15:18,Alexandria
7119,1068,98,2,2025-08-26 19:33:58,Luxor
7120,70,92,5,2025-08-26 09:11:55,Aswan
7121,227,98,4,2025-08-24 03:04:17,Luxor
7122,598,50,4,2025-08-26 00:08:09,Luxor
7123,1199,83,5,2025-08-23 23:45:52,Alexandria
7124,1325,42,1,2025-08-25 01:42:58,Giza
7125,872,40,2,2025-08-25 21:42:06,Alexandria
7126,1092,9,3,2025-08-26 05:06:42,Luxor
7127,553,7,2,2025-08-24 02:13:38,Alexandria
7128,1043,55,5,2025-08-26 17:37:05,Luxor
7129,787,35,2,2025-08-26 15:00:12,Alexandria
7130,1865,45,1,2025-08-26 13:27:04,Luxor
7131,475,11,2,2025-08-25 18:54:08,Luxor
7132,1179,99,1,2025-08-25 19:52:24,Cairo
7133,1762,80,5,2025-08-25 09:16:20,Luxor
7134,1160,41,3,2025-08-25 11:38:40,Aswan
7135,1035,21,3,2025-08-25 12:33:54,Giza
7136,1534,49,3,2025-08-24 08:15:10,Alexandria
7137,335,31,5,2025-08-24 09:15:40,Cairo
7138,57,8,4,2025-08-25 21:40:24,Cairo
7139,1392,14,4,2025-08-26 10:01:00,Giza
7140,1292,2,1,2025-08-24 21:46:33,Giza
7141,1232,24,3,2025-08-25 16:32:22,Alexandria
7142,772,13,4,2025-08-25 16:42:57,Aswan
7143,1109,63,4,2025-08-25 04:40:58,Giza
7144,1729,31,1,2025-08-24 21:17:38,Luxor
7145,1305,50,1,2025-08-24 00:52:32,Aswan
7146,421,55,2,2025-08-24 01:41:08,Giza
7147,271,51,4,2025-08-24 08:58:38,Alexandria
7148,1353,17,2,2025-08-26 06:03:33,Luxor
7149,364,6,4,2025-08-25 04:52:35,Aswan
7150,1172,86,1,2025-08-25 13:11:13,Alexandria
7151,1492,22,1,2025-08-26 01:43:51,Aswan
7152,474,79,1,2025-08-24 19:28:19,Aswan
7153,1895,64,5,2025-08-25 19:49:02,Alexandria
7154,260,90,5,2025-08-25 22:13:32,Luxor
7155,1215,65,5,2025-08-25 19:38:14,Luxor
7156,718,61,3,2025-08-24 00:14:07,Cairo
7157,809,90,5,2025-08-24 07:34:12,Alexandria
7158,577,56,1,2025-08-25 15:05:22,Luxor
7159,1829,20,3,2025-08-25 05:26:06,Luxor
7160,1529,12,5,2025-08-26 09:18:14,Aswan
7161,1562,79,3,2025-08-25 23:22:06,Alexandria
7162,347,5,2,2025-08-26 07:34:35,Giza
7163,1916,9,3,2025-08-26 15:51:22,Alexandria
7164,551,7,1,2025-08-25 15:18:29,Aswan
7165,1673,18,4,2025-08-24 15:19:58,Luxor
7166,746,6,4,2025-08-24 21:37:59,Giza
7167,450,46,1,2025-08-26 09:55:06,Alexandria
7168,269,67,2,2025-08-25 10:51:55,Giza
7169,526,16,1,2025-08-24 23:02:05,Luxor
7170,1682,56,3,2025-08-25 01:28:35,Luxor
7171,1614,36,1,2025-08-24 04:13:39,Alexandria
7172,1621,66,1,2025-08-24 22:37:54,Luxor
7173,1751,99,1,2025-08-25 00:34:42,Giza
7174,1414,43,2,2025-08-24 12:47:40,Cairo
7175,60,73,4,2025-08-26 04:32:02,Cairo
7176,345,70,1,2025-08-25 14:07:48,Luxor
7177,1570,94,4,2025-08-24 19:43:50,Giza
7178,512,90,2,2025-08-25 21:57:37,Cairo
7179,398,41,4,2025-08-24 07:25:13,Aswan
7180,1647,95,1,2025-08-25 02:52:56,Aswan
7181,474,86,4,2025-08-23 20:21:55,Luxor
7182,1502,39,2,2025-08-24 18:56:16,Cairo
7183,639,20,2,2025-08-25 10:23:24,Cairo
7184,634,87,3,2025-08-25 03:58:52,Cairo
7185,1313,84,1,2025-08-25 05:11:26,Giza
7186,262,48,1,2025-08-25 03:23:10,Aswan
7187,795,38,4,2025-08-26 13:25:14,Cairo
7188,1290,47,3,2025-08-26 10:36:51,Cairo
7189,918,10,5,2025-08-26 07:08:07,Alexandria
7190,788,76,2,2025-08-25 08:25:15,Alexandria
7191,1560,10,3,2025-08-25 20:46:05,Giza
7192,739,76,5,2025-08-26 01:27:56,Aswan
7193,97,33,5,2025-08-24 01:11:30,Cairo
7194,1163,24,5,2025-08-26 12:58:47,Cairo
7195,481,24,1,2025-08-26 11:51:11,Cairo
7196,448,12,5,2025-08-24 00:38:44,Luxor
7197,1327,49,3,2025-08-24 18:56:04,Cairo
7198,1255,61,3,2025-08-26 18:48:04,Giza
7199,515,9,3,2025-08-26 06:18:17,Aswan
7200,716,40,2,2025-08-26 02:25:19,Aswan
7201,1299,87,3,2025-08-25 06:00:19,Luxor
7202,1519,3,5,2025-08-26 12:42:29,Giza
7203,912,1,4,2025-08-24 12:47:59,Alexandria
7204,195,60,4,2025-08-24 14:20:14,Alexandria
7205,155,98,2,2025-08-25 15:55:20,Alexandria
7206,1485,40,1,2025-08-25 13:07:57,Aswan
7207,559,70,5,2025-08-25 02:24:17,Luxor
7208,81,30,5,2025-08-24 07:34:05,Cairo
7209,42,94,2,2025-08-24 08:38:30,Alexandria
7210,327,23,5,2025-08-24 00:53:25,Aswan
7211,292,65,3,2025-08-25 11:29:01,Giza
7212,1322,25,1,2025-08-26 12:22:04,Cairo
7213,1412,2,4,2025-08-25 11:17:38,Aswan
7214,146,51,5,2025-08-26 12:40:02,Aswan
7215,1004,35,3,2025-08-25 10:14:17,Luxor
7216,1974,39,1,2025-08-26 08:27:49,Giza
7217,202,94,5,2025-08-26 12:45:52,Alexandria
7218,1972,71,1,2025-08-25 09:03:24,Alexandria
7219,365,7,1,2025-08-25 20:03:53,Luxor
7220,98,16,2,2025-08-26 08:04:19,Giza
7221,517,24,2,2025-08-25 18:45:41,Giza
7222,174,97,4,2025-08-25 15:22:47,Alexandria
7223,1450,83,4,2025-08-25 21:51:34,Luxor
7224,1349,19,5,2025-08-24 18:32:25,Cairo
7225,1162,60,5,2025-08-24 19:06:55,Luxor
7226,321,46,5,2025-08-26 11:01:37,Giza
7227,1849,13,1,2025-08-24 20:32:15,Alexandria
7228,1653,100,5,2025-08-26 02:37:33,Aswan
7229,1713,35,4,2025-08-26 11:25:10,Aswan
7230,845,96,2,2025-08-25 20:04:28,Alexandria
7231,716,61,5,2025-08-25 06:30:35,Cairo
7232,767,68,3,2025-08-24 20:48:35,Luxor
7233,986,94,5,2025-08-24 20:38:23,Luxor
7234,540,1,5,2025-08-24 06:57:04,Luxor
7235,58,45,1,2025-08-24 03:47:51,Giza
7236,592,99,4,2025-08-26 03:09:39,Aswan
7237,1038,6,3,2025-08-25 10:55:48,Giza
7238,722,25,1,2025-08-26 07:52:04,Aswan
7239,1741,58,3,2025-08-26 08:10:50,Luxor
7240,1378,82,2,2025-08-24 09:32:14,Cairo
7241,372,3,4,2025-08-24 23:00:53,Aswan
7242,1282,94,2,2025-08-26 09:02:51,Luxor
7243,1833,2,4,2025-08-24 04:49:39,Alexandria
7244,1252,94,4,2025-08-26 03:16:20,Giza
7245,1957,42,1,2025-08-24 05:03:48,Luxor
7246,1537,80,3,2025-08-25 06:19:26,Alexandria
7247,550,67,3,2025-08-25 13:55:38,Alexandria
7248,761,90,2,2025-08-26 08:13:23,Alexandria
7249,541,60,3,2025-08-23 20:15:05,Alexandria
7250,941,8,1,2025-08-26 00:41:40,Luxor
7251,1244,63,3,2025-08-25 05:14:42,Luxor
7252,1551,72,5,2025-08-26 12:55:05,Luxor
7253,672,89,2,2025-08-23 23:32:42,Giza
7254,962,63,1,2025-08-25 10:50:20,Alexandria
7255,1318,72,3,2025-08-25 17:26:14,Aswan
7256,815,21,4,2025-08-26 01:42:25,Alexandria
7257,925,9,4,2025-08-24 11:21:45,Giza
7258,1623,26,5,2025-08-24 20:47:53,Alexandria
7259,1577,97,3,2025-08-25 13:00:37,Aswan
7260,488,92,2,2025-08-24 03:10:55,Alexandria
7261,1696,80,4,2025-08-25 15:55:17,Giza
7262,281,96,3,2025-08-24 10:52:20,Cairo
7263,1266,61,1,2025-08-26 15:07:02,Giza
7264,1653,47,5,2025-08-25 15:02:38,Luxor
7265,685,55,3,2025-08-25 01:39:33,Cairo
7266,969,98,2,2025-08-25 03:03:55,Cairo
7267,1692,4,5,2025-08-25 23:16:20,Alexandria
7268,1315,100,3,2025-08-25 03:14:02,Aswan
7269,977,100,3,2025-08-26 03:46:54,Cairo
7270,1522,5,2,2025-08-24 10:32:27,Aswan
7271,1844,73,5,2025-08-24 20:00:50,Luxor
7272,511,67,2,2025-08-26 00:57:26,Alexandria
7273,1330,30,3,2025-08-23 23:44:50,Giza
7274,309,42,3,2025-08-26 09:27:39,Giza
7275,198,90,2,2025-08-25 05:53:00,Aswan
7276,339,25,2,2025-08-25 16:59:19,Giza
7277,1316,7,3,2025-08-24 03:20:25,Alexandria
7278,949,81,3,2025-08-26 11:52:13,Giza
7279,1413,32,4,2025-08-25 01:52:30,Luxor
7280,1587,23,5,2025-08-25 07:34:11,Cairo
7281,56,70,3,2025-08-24 21:18:53,Cairo
7282,397,63,1,2025-08-26 16:53:17,Aswan
7283,184,5,4,2025-08-23 21:40:50,Aswan
7284,534,46,1,2025-08-26 10:46:17,Luxor
7285,28,39,4,2025-08-26 15:01:37,Luxor
7286,188,45,3,2025-08-25 07:45:44,Giza
7287,553,42,3,2025-08-26 03:00:15,Alexandria
7288,772,68,5,2025-08-26 13:15:52,Alexandria
7289,1391,46,3,2025-08-26 11:47:59,Luxor
7290,1979,29,5,2025-08-25 12:29:28,Giza
7291,727,62,5,2025-08-26 15:59:43,Alexandria
7292,163,78,3,2025-08-26 17:49:25,Alexandria
7293,645,92,1,2025-08-24 20:36:24,Luxor
7294,1031,4,3,2025-08-24 15:00:32,Alexandria
7295,638,16,5,2025-08-24 19:52:55,Luxor
7296,1482,47,2,2025-08-26 18:38:29,Giza
7297,166,14,4,2025-08-23 21:05:44,Alexandria
7298,1782,47,5,2025-08-23 20:58:39,Aswan
7299,1455,88,2,2025-08-25 21:09:23,Alexandria
7300,817,12,1,2025-08-25 10:08:56,Cairo
7301,903,75,4,2025-08-25 13:52:01,Giza
7302,473,25,1,2025-08-25 06:59:33,Luxor
7303,930,84,3,2025-08-26 07:14:08,Giza
7304,164,54,2,2025-08-24 04:26:10,Aswan
7305,294,94,5,2025-08-24 09:45:57,Cairo
7306,1682,82,5,2025-08-23 21:32:19,Alexandria
7307,1051,81,2,2025-08-25 20:35:19,Giza
7308,1970,64,5,2025-08-24 08:25:38,Luxor
7309,1549,57,2,2025-08-26 03:12:02,Aswan
7310,1850,80,1,2025-08-24 21:05:18,Aswan
7311,103,90,3,2025-08-25 07:21:10,Aswan
7312,1608,14,4,2025-08-25 20:29:44,Aswan
7313,762,22,1,2025-08-24 17:42:36,Alexandria
7314,1562,73,3,2025-08-24 19:37:36,Giza
7315,728,92,5,2025-08-24 01:07:24,Luxor
7316,990,2,5,2025-08-26 13:41:35,Luxor
7317,1703,1,1,2025-08-25 14:13:21,Luxor
7318,1643,28,3,2025-08-24 12:26:26,Giza
7319,420,20,4,2025-08-25 23:15:04,Cairo
7320,1203,75,5,2025-08-25 02:28:11,Cairo
7321,1366,76,5,2025-08-25 22:12:57,Giza
7322,992,18,5,2025-08-26 06:33:12,Cairo
7323,1752,31,3,2025-08-26 05:46:18,Aswan
7324,806,43,3,2025-08-24 09:32:30,Aswan
7325,1374,84,1,2025-08-25 16:44:08,Luxor
7326,1434,30,4,2025-08-24 15:32:13,Aswan
7327,29,85,3,2025-08-26 01:56:41,Luxor
7328,1160,43,3,2025-08-26 02:08:01,Cairo
7329,966,63,1,2025-08-26 17:12:05,Alexandria
7330,1395,28,4,2025-08-25 12:55:55,Alexandria
7331,1195,8,5,2025-08-24 00:48:15,Cairo
7332,602,73,3,2025-08-26 16:24:33,Cairo
7333,788,84,3,2025-08-26 11:00:07,Cairo
7334,216,48,5,2025-08-24 04:20:18,Luxor
7335,1038,49,4,2025-08-25 08:30:30,Cairo
7336,146,21,5,2025-08-25 22:29:01,Cairo
7337,531,15,2,2025-08-25 08:27:21,Alexandria
7338,257,39,5,2025-08-25 15:02:55,Cairo
7339,1589,60,4,2025-08-26 14:17:26,Giza
7340,601,88,1,2025-08-26 03:34:50,Cairo
7341,1006,98,5,2025-08-25 18:31:26,Alexandria
7342,175,16,1,2025-08-26 08:58:29,Alexandria
7343,523,17,3,2025-08-25 00:09:54,Luxor
7344,1427,71,3,2025-08-25 03:14:50,Alexandria
7345,535,13,1,2025-08-26 19:59:12,Luxor
7346,289,80,5,2025-08-26 14:35:52,Giza
7347,1708,67,2,2025-08-25 01:49:30,Luxor
7348,297,47,4,2025-08-25 00:34:36,Alexandria
7349,1539,21,3,2025-08-25 06:56:31,Aswan
7350,846,23,1,2025-08-25 17:21:00,Giza
7351,1331,71,1,2025-08-26 06:37:24,Cairo
7352,1855,76,2,2025-08-25 06:25:23,Alexandria
7353,1785,8,2,2025-08-26 15:05:59,Luxor
7354,670,87,3,2025-08-24 14:26:39,Luxor
7355,395,68,4,2025-08-23 21:36:37,Giza
7356,665,92,3,2025-08-24 01:50:36,Cairo
7357,798,68,4,2025-08-26 05:38:05,Alexandria
7358,457,84,1,2025-08-26 01:31:35,Luxor
7359,782,72,1,2025-08-25 13:34:09,Luxor
7360,811,39,3,2025-08-25 11:00:30,Giza
7361,214,54,2,2025-08-26 00:47:32,Luxor
7362,346,63,3,2025-08-23 23:44:08,Aswan
7363,408,78,4,2025-08-25 17:01:59,Aswan
7364,1420,18,1,2025-08-25 14:32:38,Giza
7365,1128,26,4,2025-08-25 15:45:35,Giza
7366,1965,77,4,2025-08-26 11:27:21,Cairo
7367,1669,52,2,2025-08-24 21:59:20,Giza
7368,1373,29,1,2025-08-24 22:33:07,Cairo
7369,1694,75,4,2025-08-25 10:04:34,Aswan
7370,966,99,2,2025-08-25 03:50:14,Giza
7371,819,86,5,2025-08-24 02:29:21,Cairo
7372,231,87,3,2025-08-26 12:27:29,Luxor
7373,687,90,4,2025-08-25 00:01:17,Alexandria
7374,13,18,2,2025-08-23 23:24:01,Giza
7375,1120,18,1,2025-08-24 22:21:16,Cairo
7376,1010,99,3,2025-08-23 22:46:47,Giza
7377,1287,76,4,2025-08-24 03:37:06,Cairo
7378,1971,89,5,2025-08-26 16:30:35,Luxor
7379,1508,67,3,2025-08-26 00:36:00,Luxor
7380,600,51,5,2025-08-24 21:09:36,Cairo
7381,792,72,5,2025-08-23 20:16:50,Cairo
7382,496,51,4,2025-08-24 00:40:11,Aswan
7383,1966,13,4,2025-08-26 14:48:14,Giza
7384,1337,29,3,2025-08-24 05:37:15,Luxor
7385,1834,21,1,2025-08-24 13:50:51,Giza
7386,1555,75,1,2025-08-25 13:46:39,Giza
7387,721,12,5,2025-08-24 07:53:24,Giza
7388,1173,38,4,2025-08-24 20:48:36,Aswan
7389,502,97,4,2025-08-25 17:08:48,Alexandria
7390,774,30,3,2025-08-25 03:29:57,Giza
7391,1749,35,4,2025-08-24 23:03:41,Luxor
7392,756,15,4,2025-08-24 23:07:40,Aswan
7393,1034,4,3,2025-08-25 18:55:48,Luxor
7394,483,69,1,2025-08-24 09:40:56,Cairo
7395,213,23,1,2025-08-25 20:08:36,Luxor
7396,413,69,2,2025-08-25 23:23:56,Luxor
7397,321,2,1,2025-08-25 22:50:15,Luxor
7398,1553,3,3,2025-08-24 17:51:21,Cairo
7399,242,39,4,2025-08-26 04:20:09,Giza
7400,199,15,4,2025-08-25 06:31:25,Cairo
7401,744,95,1,2025-08-24 15:44:33,Giza
7402,798,71,2,2025-08-23 20:07:15,Luxor
7403,1652,68,4,2025-08-24 21:05:20,Cairo
7404,246,19,4,2025-08-24 09:29:18,Luxor
7405,1843,16,5,2025-08-25 22:31:27,Cairo
7406,1390,84,1,2025-08-24 03:05:44,Giza
7407,750,17,5,2025-08-24 08:38:28,Luxor
7408,536,10,4,2025-08-26 16:25:04,Alexandria
7409,1570,47,1,2025-08-25 00:47:30,Giza
7410,72,100,2,2025-08-23 23:30:23,Luxor
7411,927,8,5,2025-08-26 06:27:17,Giza
7412,60,87,3,2025-08-25 22:21:07,Aswan
7413,224,89,3,2025-08-24 12:36:05,Alexandria
7414,1456,56,4,2025-08-24 01:50:29,Giza
7415,1003,77,3,2025-08-25 01:57:39,Cairo
7416,1843,42,4,2025-08-25 15:13:38,Alexandria
7417,1409,83,2,2025-08-24 15:37:14,Aswan
7418,1514,38,5,2025-08-24 00:14:45,Cairo
7419,1879,19,4,2025-08-26 11:10:47,Cairo
7420,1303,60,5,2025-08-25 14:14:22,Alexandria
7421,287,19,3,2025-08-26 16:50:05,Luxor
7422,972,95,3,2025-08-25 16:17:22,Alexandria
7423,481,45,2,2025-08-23 21:24:55,Cairo
7424,1310,100,3,2025-08-25 10:57:40,Cairo
7425,1190,69,5,2025-08-25 10:33:55,Giza
7426,508,3,3,2025-08-24 22:06:01,Giza
7427,533,82,1,2025-08-24 23:21:34,Cairo
7428,1424,24,4,2025-08-26 09:23:17,Cairo
7429,85,32,3,2025-08-26 12:18:04,Aswan
7430,581,49,1,2025-08-25 05:11:16,Giza
7431,900,56,2,2025-08-24 15:15:22,Cairo
7432,713,67,3,2025-08-26 18:28:29,Giza
7433,497,85,3,2025-08-25 17:30:46,Luxor
7434,1925,84,5,2025-08-23 22:29:22,Alexandria
7435,1259,28,3,2025-08-24 18:00:41,Luxor
7436,426,82,4,2025-08-26 07:52:40,Luxor
7437,679,79,3,2025-08-23 23:13:52,Giza
7438,556,80,2,2025-08-25 07:18:24,Luxor
7439,1192,29,5,2025-08-24 07:52:12,Giza
7440,597,41,1,2025-08-25 08:57:14,Cairo
7441,1415,38,2,2025-08-25 15:29:11,Luxor
7442,1906,32,4,2025-08-26 01:14:33,Cairo
7443,1476,5,4,2025-08-25 16:36:57,Aswan
7444,820,69,3,2025-08-24 16:32:17,Alexandria
7445,549,51,4,2025-08-24 02:35:37,Cairo
7446,720,39,1,2025-08-26 12:38:01,Aswan
7447,612,74,5,2025-08-24 04:35:35,Luxor
7448,136,86,3,2025-08-24 07:55:40,Alexandria
7449,1182,66,2,2025-08-26 09:10:37,Alexandria
7450,1936,93,2,2025-08-25 00:37:08,Luxor
7451,762,88,1,2025-08-25 11:09:21,Aswan
7452,121,10,2,2025-08-25 09:02:18,Giza
7453,725,80,4,2025-08-25 07:14:45,Cairo
7454,444,89,2,2025-08-25 18:36:26,Aswan
7455,1537,9,5,2025-08-24 07:44:55,Alexandria
7456,236,3,1,2025-08-24 06:15:07,Aswan
7457,1872,51,3,2025-08-24 22:06:31,Cairo
7458,290,35,1,2025-08-23 21:33:34,Cairo
7459,1172,49,1,2025-08-25 02:50:50,Alexandria
7460,67,72,5,2025-08-24 12:53:08,Luxor
7461,1438,26,3,2025-08-24 01:51:19,Alexandria
7462,1328,56,5,2025-08-26 19:24:59,Aswan
7463,1681,6,2,2025-08-25 08:08:02,Giza
7464,371,47,2,2025-08-25 00:52:08,Aswan
7465,1525,63,2,2025-08-26 08:26:22,Luxor
7466,744,69,3,2025-08-26 10:33:27,Cairo
7467,37,18,1,2025-08-25 15:28:13,Cairo
7468,1604,54,4,2025-08-25 10:33:00,Alexandria
7469,192,44,3,2025-08-24 23:19:04,Giza
7470,699,74,5,2025-08-24 04:29:57,Alexandria
7471,1574,16,3,2025-08-23 21:27:28,Alexandria
7472,382,49,4,2025-08-24 16:55:59,Alexandria
7473,165,57,4,2025-08-24 14:01:31,Luxor
7474,443,89,1,2025-08-26 03:42:32,Luxor
7475,1068,1,5,2025-08-24 13:18:02,Aswan
7476,131,57,4,2025-08-23 23:20:16,Alexandria
7477,259,26,1,2025-08-24 10:43:05,Cairo
7478,84,96,5,2025-08-23 20:48:42,Luxor
7479,503,16,5,2025-08-24 23:56:22,Cairo
7480,1125,58,3,2025-08-26 11:15:37,Giza
7481,922,82,3,2025-08-24 02:13:18,Cairo
7482,1961,43,1,2025-08-24 14:32:53,Cairo
7483,1117,18,3,2025-08-26 00:53:56,Giza
7484,1486,4,2,2025-08-25 07:43:07,Cairo
7485,1810,69,5,2025-08-24 00:24:22,Aswan
7486,1062,16,1,2025-08-26 14:40:31,Giza
7487,1054,49,5,2025-08-25 11:31:16,Giza
7488,1592,70,3,2025-08-26 09:53:17,Cairo
7489,532,52,4,2025-08-25 18:13:21,Alexandria
7490,341,68,3,2025-08-24 23:09:19,Cairo
7491,55,43,2,2025-08-25 06:40:48,Luxor
7492,844,88,4,2025-08-24 03:09:09,Giza
7493,968,90,3,2025-08-26 17:40:10,Cairo
7494,906,9,5,2025-08-24 02:53:38,Giza
7495,1394,16,5,2025-08-26 08:31:18,Luxor
7496,1924,2,5,2025-08-25 03:24:59,Giza
7497,237,69,4,2025-08-25 03:50:51,Aswan
7498,465,11,1,2025-08-24 23:24:28,Aswan
7499,891,43,5,2025-08-26 17:55:20,Alexandria
7500,1761,1,4,2025-08-24 13:53:12,Luxor
7501,720,98,4,2025-08-24 13:04:16,Giza
7502,1847,91,3,2025-08-26 04:46:47,Cairo
7503,188,85,5,2025-08-26 08:02:58,Aswan
7504,1588,36,4,2025-08-26 01:28:55,Cairo
7505,712,58,5,2025-08-25 20:50:22,Giza
7506,647,72,5,2025-08-25 14:22:06,Giza
7507,1778,43,5,2025-08-26 07:07:20,Luxor
7508,549,53,1,2025-08-23 21:46:39,Alexandria
7509,500,79,1,2025-08-24 20:28:43,Luxor
7510,1483,11,5,2025-08-26 00:46:55,Cairo
7511,1033,61,2,2025-08-25 14:40:17,Cairo
7512,474,27,2,2025-08-26 19:12:55,Alexandria
7513,914,1,5,2025-08-23 21:54:35,Alexandria
7514,1718,22,1,2025-08-24 15:18:22,Cairo
7515,50,51,5,2025-08-23 21:36:50,Luxor
7516,11,100,2,2025-08-24 22:53:59,Alexandria
7517,412,97,5,2025-08-25 12:30:50,Aswan
7518,1886,53,5,2025-08-25 12:11:21,Aswan
7519,547,45,5,2025-08-26 19:12:48,Alexandria
7520,1373,74,1,2025-08-25 04:27:31,Giza
7521,49,2,3,2025-08-24 17:38:15,Luxor
7522,1547,6,5,2025-08-25 15:16:04,Aswan
7523,1546,10,1,2025-08-25 09:41:17,Giza
7524,25,35,3,2025-08-25 19:00:39,Giza
7525,186,45,3,2025-08-26 12:43:37,Aswan
7526,175,73,1,2025-08-24 07:20:19,Cairo
7527,146,15,2,2025-08-24 05:09:41,Giza
7528,1511,41,4,2025-08-26 06:33:31,Alexandria
7529,1417,4,3,2025-08-26 06:28:49,Luxor
7530,1887,90,3,2025-08-24 19:30:28,Aswan
7531,1307,22,5,2025-08-24 16:17:27,Aswan
7532,1446,36,3,2025-08-24 00:04:18,Luxor
7533,1003,33,2,2025-08-25 02:25:34,Cairo
7534,1193,45,1,2025-08-25 04:16:45,Alexandria
7535,199,51,2,2025-08-25 13:27:33,Giza
7536,1206,37,3,2025-08-24 15:42:31,Cairo
7537,1193,30,3,2025-08-24 01:03:04,Cairo
7538,1435,4,5,2025-08-25 15:21:23,Giza
7539,1613,70,5,2025-08-26 18:39:41,Luxor
7540,481,37,2,2025-08-25 07:53:57,Alexandria
7541,500,34,5,2025-08-26 12:57:51,Luxor
7542,610,38,2,2025-08-26 09:50:59,Alexandria
7543,561,43,3,2025-08-24 04:18:29,Giza
7544,279,89,2,2025-08-26 17:05:33,Aswan
7545,365,39,2,2025-08-26 15:36:54,Giza
7546,518,62,3,2025-08-26 06:55:41,Aswan
7547,896,54,4,2025-08-25 03:24:45,Alexandria
7548,1585,20,5,2025-08-26 18:41:58,Luxor
7549,344,1,5,2025-08-25 04:26:40,Aswan
7550,1405,2,5,2025-08-25 14:35:21,Luxor
7551,474,71,2,2025-08-25 22:57:43,Aswan
7552,241,46,4,2025-08-25 04:08:39,Luxor
7553,521,53,2,2025-08-25 13:22:06,Luxor
7554,1681,16,4,2025-08-25 11:56:14,Cairo
7555,1293,59,1,2025-08-24 11:28:45,Alexandria
7556,1813,95,5,2025-08-23 22:45:22,Cairo
7557,791,51,3,2025-08-24 15:07:42,Aswan
7558,808,2,3,2025-08-25 07:19:02,Alexandria
7559,612,63,1,2025-08-23 22:31:45,Cairo
7560,1268,13,5,2025-08-25 07:10:07,Luxor
7561,534,45,4,2025-08-24 18:15:27,Cairo
7562,263,21,3,2025-08-25 22:36:51,Alexandria
7563,694,3,2,2025-08-25 17:27:17,Giza
7564,1791,2,5,2025-08-25 18:02:22,Cairo
7565,1259,61,4,2025-08-24 10:16:41,Giza
7566,127,21,4,2025-08-26 09:29:30,Aswan
7567,1431,84,4,2025-08-25 17:04:21,Cairo
7568,1006,27,2,2025-08-26 00:06:13,Luxor
7569,602,18,3,2025-08-26 19:08:04,Giza
7570,90,29,2,2025-08-25 23:22:41,Cairo
7571,1593,58,2,2025-08-23 21:12:26,Alexandria
7572,1235,9,2,2025-08-26 04:32:59,Luxor
7573,739,41,3,2025-08-25 01:45:10,Giza
7574,1418,7,2,2025-08-24 11:20:50,Luxor
7575,201,81,3,2025-08-24 01:34:42,Aswan
7576,1090,56,3,2025-08-25 12:53:08,Giza
7577,506,37,3,2025-08-25 08:14:53,Giza
7578,1202,17,1,2025-08-24 23:00:46,Cairo
7579,1092,32,4,2025-08-26 09:15:26,Giza
7580,349,13,2,2025-08-26 18:18:31,Cairo
7581,266,32,5,2025-08-26 05:36:41,Alexandria
7582,152,48,1,2025-08-25 00:29:27,Alexandria
7583,493,42,3,2025-08-24 21:41:26,Luxor
7584,1300,38,1,2025-08-25 00:28:56,Aswan
7585,1910,71,3,2025-08-24 17:16:20,Cairo
7586,1238,17,2,2025-08-25 06:43:47,Giza
7587,1502,95,5,2025-08-24 11:56:29,Luxor
7588,1265,24,3,2025-08-26 13:11:08,Aswan
7589,1277,95,4,2025-08-25 07:56:47,Giza
7590,38,12,2,2025-08-26 01:07:37,Luxor
7591,433,88,5,2025-08-24 10:34:16,Luxor
7592,632,33,1,2025-08-25 20:38:26,Aswan
7593,99,23,3,2025-08-26 09:53:51,Giza
7594,705,61,3,2025-08-26 18:54:26,Cairo
7595,1684,87,3,2025-08-24 18:59:59,Alexandria
7596,24,33,5,2025-08-25 08:30:14,Luxor
7597,698,43,3,2025-08-25 02:22:16,Luxor
7598,195,73,5,2025-08-24 09:28:49,Aswan
7599,711,48,4,2025-08-25 06:08:39,Luxor
7600,612,87,5,2025-08-24 08:50:19,Alexandria
7601,66,10,5,2025-08-25 06:56:07,Cairo
7602,438,53,2,2025-08-24 14:09:21,Luxor
7603,204,98,2,2025-08-24 14:00:03,Luxor
7604,1633,12,2,2025-08-24 18:01:49,Giza
7605,778,73,4,2025-08-24 14:08:51,Giza
7606,701,86,4,2025-08-23 21:50:52,Alexandria
7607,923,46,1,2025-08-25 11:09:19,Alexandria
7608,368,67,2,2025-08-23 20:55:21,Aswan
7609,1440,50,4,2025-08-26 10:35:01,Cairo
7610,1228,60,4,2025-08-23 21:57:47,Cairo
7611,405,77,5,2025-08-26 00:26:41,Alexandria
7612,1122,58,2,2025-08-24 21:28:48,Aswan
7613,567,83,2,2025-08-25 18:20:02,Aswan
7614,1846,92,2,2025-08-24 11:56:09,Giza
7615,1450,68,5,2025-08-26 16:20:49,Alexandria
7616,1978,20,4,2025-08-25 15:27:12,Cairo
7617,697,15,2,2025-08-24 21:01:20,Giza
7618,618,95,2,2025-08-23 20:58:48,Aswan
7619,1443,13,5,2025-08-24 23:43:28,Cairo
7620,1703,89,2,2025-08-24 01:35:14,Giza
7621,903,28,4,2025-08-25 13:47:53,Alexandria
7622,241,76,5,2025-08-24 15:00:24,Luxor
7623,1078,91,1,2025-08-26 16:50:14,Alexandria
7624,1664,93,1,2025-08-24 03:04:47,Cairo
7625,1989,84,3,2025-08-26 14:57:44,Aswan
7626,177,48,5,2025-08-25 02:33:36,Cairo
7627,1863,31,3,2025-08-26 05:38:56,Cairo
7628,2,53,2,2025-08-26 19:30:32,Cairo
7629,791,40,3,2025-08-23 21:38:49,Giza
7630,731,76,2,2025-08-25 18:51:12,Luxor
7631,1956,22,4,2025-08-24 04:51:31,Giza
7632,1387,22,2,2025-08-26 13:45:08,Luxor
7633,1335,32,3,2025-08-24 18:00:36,Aswan
7634,427,36,3,2025-08-24 10:43:59,Alexandria
7635,606,77,4,2025-08-24 09:20:41,Giza
7636,335,86,2,2025-08-24 08:30:50,Giza
7637,1183,94,2,2025-08-24 17:50:04,Giza
7638,1713,28,5,2025-08-25 21:48:56,Alexandria
7639,451,69,5,2025-08-25 14:11:56,Aswan
7640,935,74,3,2025-08-26 11:15:53,Luxor
7641,1496,2,3,2025-08-26 15:10:10,Aswan
7642,948,30,2,2025-08-25 10:29:03,Luxor
7643,1652,57,1,2025-08-24 18:51:43,Luxor
7644,474,68,2,2025-08-24 18:51:29,Luxor
7645,1640,54,4,2025-08-25 05:24:12,Cairo
7646,982,8,5,2025-08-25 04:49:59,Aswan
7647,1609,90,4,2025-08-24 22:10:27,Aswan
7648,1311,59,3,2025-08-26 01:00:45,Cairo
7649,1731,61,4,2025-08-26 11:03:27,Cairo
7650,542,66,1,2025-08-25 05:10:30,Cairo
7651,1338,20,1,2025-08-24 20:00:15,Giza
7652,1077,21,1,2025-08-25 22:02:41,Alexandria
7653,1702,23,1,2025-08-26 13:58:29,Cairo
7654,1743,31,1,2025-08-25 21:34:46,Giza
7655,254,84,1,2025-08-25 20:02:04,Cairo
7656,1493,92,2,2025-08-24 17:12:03,Cairo
7657,1981,61,4,2025-08-26 08:01:42,Alexandria
7658,1448,41,1,2025-08-26 16:00:58,Giza
7659,487,64,1,2025-08-25 17:07:45,Giza
7660,1683,3,1,2025-08-25 15:32:40,Luxor
7661,376,86,3,2025-08-25 05:36:52,Cairo
7662,395,32,4,2025-08-24 08:56:06,Cairo
7663,1282,92,2,2025-08-26 07:14:29,Luxor
7664,132,100,2,2025-08-25 18:24:32,Aswan
7665,570,78,1,2025-08-25 06:40:40,Aswan
7666,509,47,2,2025-08-24 10:09:22,Luxor
7667,653,90,5,2025-08-26 17:52:22,Aswan
7668,731,57,2,2025-08-25 10:35:15,Giza
7669,422,29,3,2025-08-26 02:21:07,Alexandria
7670,1412,41,2,2025-08-25 15:26:11,Alexandria
7671,998,38,2,2025-08-26 03:23:17,Cairo
7672,687,39,3,2025-08-24 13:10:22,Luxor
7673,202,35,3,2025-08-25 00:25:52,Aswan
7674,1766,47,3,2025-08-23 23:40:11,Cairo
7675,781,36,4,2025-08-24 19:10:27,Luxor
7676,1769,36,3,2025-08-25 08:40:08,Luxor
7677,345,15,3,2025-08-25 08:52:49,Aswan
7678,1245,2,4,2025-08-24 20:56:31,Giza
7679,100,33,4,2025-08-24 20:26:35,Aswan
7680,1999,97,2,2025-08-25 09:14:58,Giza
7681,1717,9,5,2025-08-24 01:36:01,Giza
7682,162,7,1,2025-08-26 09:01:05,Giza
7683,1662,27,1,2025-08-25 20:30:19,Alexandria
7684,166,29,2,2025-08-25 01:18:25,Aswan
7685,830,62,1,2025-08-25 20:56:41,Cairo
7686,1909,59,3,2025-08-24 17:30:16,Giza
7687,965,57,2,2025-08-25 03:08:19,Cairo
7688,1599,82,2,2025-08-26 15:04:01,Cairo
7689,408,63,1,2025-08-24 16:57:51,Luxor
7690,953,4,5,2025-08-25 05:43:46,Luxor
7691,585,27,2,2025-08-25 22:30:34,Luxor
7692,590,45,3,2025-08-24 10:40:51,Cairo
7693,493,41,2,2025-08-24 20:34:02,Giza
7694,423,65,2,2025-08-25 09:02:42,Luxor
7695,1976,62,1,2025-08-25 17:44:50,Luxor
7696,2,29,3,2025-08-24 17:48:16,Giza
7697,1324,74,3,2025-08-25 15:33:03,Alexandria
7698,1326,78,5,2025-08-26 00:44:10,Giza
7699,391,57,1,2025-08-25 11:49:09,Luxor
7700,1906,89,1,2025-08-26 19:40:48,Alexandria
7701,215,50,2,2025-08-24 13:38:15,Giza
7702,1454,79,4,2025-08-24 17:32:29,Alexandria
7703,197,26,3,2025-08-25 02:01:46,Luxor
7704,756,60,2,2025-08-26 19:36:37,Giza
7705,1558,86,2,2025-08-26 04:53:15,Alexandria
7706,1543,43,5,2025-08-23 21:41:59,Cairo
7707,1531,44,1,2025-08-25 22:46:37,Luxor
7708,212,50,3,2025-08-24 03:49:21,Aswan
7709,1814,38,2,2025-08-26 09:04:48,Aswan
7710,335,26,3,2025-08-26 15:31:29,Cairo
7711,1514,66,3,2025-08-26 13:34:31,Cairo
7712,1709,65,5,2025-08-25 12:23:51,Giza
7713,500,11,4,2025-08-24 03:32:13,Aswan
7714,159,100,1,2025-08-25 20:33:37,Luxor
7715,1946,16,4,2025-08-24 04:17:03,Giza
7716,1930,14,3,2025-08-23 22:27:34,Aswan
7717,1237,96,4,2025-08-25 21:37:02,Giza
7718,1154,29,5,2025-08-25 02:02:13,Giza
7719,1439,31,5,2025-08-25 06:02:56,Luxor
7720,306,4,2,2025-08-26 05:06:32,Cairo
7721,1504,63,2,2025-08-24 03:17:33,Cairo
7722,1560,87,4,2025-08-26 00:29:23,Giza
7723,476,20,5,2025-08-26 04:22:09,Alexandria
7724,24,81,4,2025-08-25 05:59:08,Giza
7725,28,64,1,2025-08-24 01:10:17,Alexandria
7726,1105,23,4,2025-08-26 04:14:07,Aswan
7727,1837,30,2,2025-08-25 08:14:38,Luxor
7728,228,74,4,2025-08-24 19:04:58,Luxor
7729,1969,47,4,2025-08-26 04:57:16,Alexandria
7730,1630,12,5,2025-08-23 21:16:40,Alexandria
7731,947,20,3,2025-08-24 01:10:15,Cairo
7732,1307,56,3,2025-08-24 05:33:47,Luxor
7733,1219,50,4,2025-08-24 22:22:38,Alexandria
7734,1627,3,5,2025-08-26 18:13:46,Alexandria
7735,1598,48,1,2025-08-26 06:42:42,Giza
7736,707,1,2,2025-08-26 11:12:13,Luxor
7737,707,77,1,2025-08-24 21:13:45,Alexandria
7738,1044,32,1,2025-08-24 01:21:11,Cairo
7739,796,100,4,2025-08-25 02:15:33,Cairo
7740,796,63,1,2025-08-25 15:18:00,Cairo
7741,1895,58,4,2025-08-26 09:41:23,Aswan
7742,1330,72,4,2025-08-26 04:47:38,Cairo
7743,1659,52,1,2025-08-23 22:29:38,Giza
7744,611,53,2,2025-08-25 15:19:09,Cairo
7745,1250,28,1,2025-08-26 04:27:28,Giza
7746,1613,52,1,2025-08-26 05:33:19,Luxor
7747,1881,60,2,2025-08-26 19:51:20,Giza
7748,397,68,2,2025-08-26 13:14:42,Aswan
7749,1628,90,5,2025-08-26 12:03:56,Luxor
7750,193,77,5,2025-08-26 10:29:21,Alexandria
7751,371,89,5,2025-08-25 15:39:17,Aswan
7752,1624,36,5,2025-08-24 20:18:21,Cairo
7753,1055,10,4,2025-08-24 23:23:58,Alexandria
7754,1647,77,5,2025-08-24 20:29:15,Aswan
7755,290,31,4,2025-08-24 22:08:21,Alexandria
7756,1410,81,4,2025-08-25 00:47:00,Luxor
7757,353,70,4,2025-08-24 04:17:51,Alexandria
7758,107,9,3,2025-08-24 20:23:07,Luxor
7759,1416,43,1,2025-08-25 22:13:04,Cairo
7760,355,97,5,2025-08-26 07:09:50,Luxor
7761,299,27,3,2025-08-25 22:15:59,Aswan
7762,242,56,5,2025-08-25 01:43:28,Alexandria
7763,1551,66,1,2025-08-24 17:16:37,Alexandria
7764,111,72,5,2025-08-24 18:05:07,Aswan
7765,995,45,1,2025-08-25 15:21:29,Giza
7766,1475,79,1,2025-08-24 21:03:25,Giza
7767,1404,66,4,2025-08-25 10:06:27,Luxor
7768,1844,11,5,2025-08-24 09:45:11,Cairo
7769,1992,10,5,2025-08-24 03:16:56,Aswan
7770,1912,89,4,2025-08-26 01:47:16,Giza
7771,1079,53,5,2025-08-24 12:32:04,Giza
7772,1888,30,4,2025-08-26 12:06:39,Luxor
7773,1659,84,4,2025-08-24 09:49:55,Cairo
7774,1915,81,1,2025-08-25 14:32:11,Cairo
7775,1762,60,3,2025-08-25 20:18:26,Giza
7776,398,35,5,2025-08-24 23:11:21,Luxor
7777,390,68,4,2025-08-25 04:35:37,Cairo
7778,542,62,4,2025-08-26 07:28:29,Aswan
7779,675,78,1,2025-08-26 04:56:57,Aswan
7780,1244,11,3,2025-08-25 10:56:05,Giza
7781,648,27,5,2025-08-24 02:05:26,Giza
7782,895,81,5,2025-08-25 21:44:01,Cairo
7783,644,20,4,2025-08-24 19:27:16,Luxor
7784,1443,13,1,2025-08-26 16:18:47,Cairo
7785,852,56,5,2025-08-24 13:50:55,Luxor
7786,806,43,1,2025-08-25 17:41:44,Giza
7787,790,7,4,2025-08-25 18:21:05,Luxor
7788,180,42,1,2025-08-26 00:45:25,Cairo
7789,1002,69,1,2025-08-26 03:32:42,Giza
7790,646,7,4,2025-08-24 11:23:24,Cairo
7791,515,80,2,2025-08-23 20:06:36,Alexandria
7792,929,22,5,2025-08-24 02:42:21,Luxor
7793,928,60,3,2025-08-24 22:06:05,Giza
7794,1758,58,2,2025-08-24 10:51:02,Alexandria
7795,111,80,1,2025-08-24 18:40:40,Aswan
7796,1424,30,5,2025-08-24 10:05:24,Alexandria
7797,285,82,3,2025-08-24 11:57:00,Alexandria
7798,448,12,2,2025-08-24 11:43:33,Alexandria
7799,514,92,1,2025-08-25 15:54:31,Aswan
7800,1140,89,4,2025-08-25 21:08:05,Luxor
7801,874,42,2,2025-08-25 09:05:22,Aswan
7802,42,62,1,2025-08-25 22:28:40,Alexandria
7803,35,58,4,2025-08-24 19:30:02,Alexandria
7804,271,27,4,2025-08-26 02:35:57,Alexandria
7805,696,97,1,2025-08-24 23:43:50,Alexandria
7806,1146,50,5,2025-08-24 19:13:01,Cairo
7807,1191,28,5,2025-08-24 19:56:03,Cairo
7808,242,19,3,2025-08-24 23:24:46,Giza
7809,355,83,2,2025-08-24 19:32:40,Aswan
7810,1968,73,1,2025-08-24 15:51:27,Giza
7811,1844,16,3,2025-08-25 12:31:18,Giza
7812,675,69,1,2025-08-26 15:48:52,Alexandria
7813,1806,100,1,2025-08-24 04:02:07,Alexandria
7814,382,5,5,2025-08-25 06:05:39,Giza
7815,1485,21,5,2025-08-24 16:10:16,Aswan
7816,1846,78,2,2025-08-25 19:10:04,Cairo
7817,444,67,4,2025-08-25 10:03:56,Luxor
7818,998,86,2,2025-08-25 14:28:21,Luxor
7819,1769,89,5,2025-08-24 16:19:11,Aswan
7820,398,87,2,2025-08-26 18:01:59,Alexandria
7821,225,72,5,2025-08-25 14:35:32,Aswan
7822,1893,83,1,2025-08-26 15:06:52,Aswan
7823,678,27,3,2025-08-26 14:22:02,Luxor
7824,101,22,5,2025-08-25 16:14:52,Aswan
7825,1585,35,4,2025-08-24 09:42:03,Aswan
7826,1895,15,3,2025-08-24 10:13:26,Giza
7827,1260,33,3,2025-08-24 18:13:25,Alexandria
7828,406,37,1,2025-08-25 13:28:33,Cairo
7829,500,78,3,2025-08-24 14:33:47,Aswan
7830,1066,23,2,2025-08-23 21:12:43,Aswan
7831,1877,81,2,2025-08-25 07:13:06,Cairo
7832,256,2,5,2025-08-25 01:22:57,Luxor
7833,475,80,2,2025-08-24 08:03:49,Giza
7834,1684,67,4,2025-08-25 16:25:53,Aswan
7835,1790,57,2,2025-08-26 07:34:07,Aswan
7836,733,78,2,2025-08-24 03:28:22,Cairo
7837,1615,26,5,2025-08-23 22:00:53,Cairo
7838,1914,66,2,2025-08-24 20:44:32,Cairo
7839,1949,64,5,2025-08-24 12:01:07,Giza
7840,434,75,4,2025-08-25 20:14:48,Alexandria
7841,310,84,4,2025-08-24 17:19:48,Giza
7842,814,100,4,2025-08-25 14:43:21,Alexandria
7843,1298,59,5,2025-08-26 13:19:56,Alexandria
7844,1048,17,3,2025-08-24 03:48:51,Alexandria
7845,1887,8,5,2025-08-24 08:21:36,Giza
7846,1159,1,5,2025-08-26 09:57:16,Luxor
7847,1125,94,3,2025-08-25 22:43:59,Luxor
7848,252,60,2,2025-08-24 05:33:56,Aswan
7849,142,22,3,2025-08-26 07:00:15,Luxor
7850,1437,61,1,2025-08-24 19:31:41,Giza
7851,181,83,5,2025-08-24 21:01:47,Luxor
7852,454,85,2,2025-08-25 02:31:05,Aswan
7853,744,88,5,2025-08-25 08:37:30,Aswan
7854,253,18,2,2025-08-25 21:51:43,Luxor
7855,517,11,4,2025-08-24 07:13:22,Alexandria
7856,1877,64,4,2025-08-24 14:22:38,Alexandria
7857,1350,50,3,2025-08-24 06:25:07,Giza
7858,1706,46,2,2025-08-25 09:03:17,Cairo
7859,1261,37,2,2025-08-25 10:17:33,Giza
7860,1118,43,3,2025-08-25 22:18:18,Aswan
7861,482,88,5,2025-08-24 23:10:15,Giza
7862,94,79,4,2025-08-24 02:29:37,Giza
7863,193,16,5,2025-08-26 15:35:55,Luxor
7864,1844,43,2,2025-08-26 07:53:36,Luxor
7865,184,52,5,2025-08-24 14:22:00,Aswan
7866,225,24,5,2025-08-24 01:01:03,Luxor
7867,231,66,5,2025-08-25 01:11:41,Aswan
7868,917,96,2,2025-08-23 22:13:14,Alexandria
7869,332,56,1,2025-08-24 19:03:58,Luxor
7870,1918,63,5,2025-08-23 20:00:44,Aswan
7871,1051,2,2,2025-08-25 09:21:15,Aswan
7872,1478,13,5,2025-08-25 04:52:01,Cairo
7873,923,92,1,2025-08-25 17:21:39,Cairo
7874,1765,91,2,2025-08-25 13:32:22,Luxor
7875,86,67,4,2025-08-24 03:15:05,Alexandria
7876,451,24,5,2025-08-26 14:36:24,Cairo
7877,516,51,3,2025-08-25 06:09:35,Cairo
7878,692,20,5,2025-08-26 19:03:43,Giza
7879,1446,30,4,2025-08-25 21:35:18,Luxor
7880,39,15,5,2025-08-26 00:46:56,Giza
7881,373,97,4,2025-08-25 09:56:49,Alexandria
7882,1858,28,1,2025-08-26 15:51:34,Luxor
7883,73,31,2,2025-08-26 03:01:02,Aswan
7884,1509,98,5,2025-08-26 19:19:55,Alexandria
7885,1327,75,5,2025-08-25 01:30:45,Giza
7886,616,5,4,2025-08-26 08:02:08,Cairo
7887,34,47,2,2025-08-26 09:49:03,Giza
7888,1760,57,3,2025-08-25 09:10:26,Giza
7889,1151,30,5,2025-08-24 06:09:21,Giza
7890,1790,41,1,2025-08-26 11:45:36,Luxor
7891,1261,93,1,2025-08-24 00:31:06,Luxor
7892,1239,82,1,2025-08-24 17:40:19,Giza
7893,1697,84,4,2025-08-24 04:02:23,Aswan
7894,1919,57,4,2025-08-24 19:59:03,Giza
7895,1557,91,2,2025-08-24 03:06:40,Luxor
7896,1753,20,1,2025-08-24 18:50:33,Luxor
7897,1721,36,4,2025-08-25 02:13:35,Cairo
7898,1479,65,2,2025-08-23 23:48:47,Aswan
7899,268,15,3,2025-08-24 01:42:48,Luxor
7900,1208,14,1,2025-08-25 11:26:33,Giza
7901,178,21,3,2025-08-25 23:37:44,Aswan
7902,1498,37,4,2025-08-26 07:31:14,Luxor
7903,57,59,3,2025-08-25 07:19:32,Alexandria
7904,1085,21,4,2025-08-25 02:07:33,Cairo
7905,627,89,4,2025-08-24 16:09:54,Giza
7906,128,82,3,2025-08-25 11:23:24,Luxor
7907,1446,39,3,2025-08-25 10:07:07,Alexandria
7908,55,35,5,2025-08-24 00:34:44,Alexandria
7909,1925,56,5,2025-08-24 11:23:24,Alexandria
7910,866,85,1,2025-08-26 14:16:57,Luxor
7911,396,36,4,2025-08-23 23:57:41,Luxor
7912,139,72,4,2025-08-26 06:58:57,Cairo
7913,1398,37,1,2025-08-24 03:25:42,Giza
7914,231,94,4,2025-08-25 04:51:17,Cairo
7915,1150,12,1,2025-08-24 10:04:10,Luxor
7916,374,75,3,2025-08-24 02:59:50,Cairo
7917,970,77,3,2025-08-23 22:00:16,Aswan
7918,1056,100,4,2025-08-24 03:29:41,Giza
7919,1180,58,5,2025-08-25 16:35:27,Alexandria
7920,1991,41,5,2025-08-26 04:40:25,Giza
7921,1643,80,4,2025-08-24 07:39:16,Aswan
7922,1345,76,1,2025-08-24 04:06:06,Cairo
7923,1991,20,1,2025-08-26 11:48:01,Cairo
7924,1670,32,4,2025-08-24 22:17:32,Alexandria
7925,848,59,5,2025-08-24 04:47:56,Cairo
7926,865,67,5,2025-08-25 20:26:56,Luxor
7927,921,61,3,2025-08-24 00:24:29,Cairo
7928,19,4,5,2025-08-24 09:31:31,Luxor
7929,1537,60,3,2025-08-25 08:07:31,Alexandria
7930,544,55,4,2025-08-24 03:58:27,Alexandria
7931,1455,52,4,2025-08-26 14:41:29,Aswan
7932,214,72,5,2025-08-23 20:11:21,Alexandria
7933,679,15,1,2025-08-25 07:02:04,Alexandria
7934,731,68,4,2025-08-25 13:00:38,Cairo
7935,473,33,5,2025-08-26 12:01:18,Cairo
7936,722,25,1,2025-08-26 02:19:59,Alexandria
7937,786,89,2,2025-08-24 05:56:23,Luxor
7938,1335,13,4,2025-08-25 18:52:55,Cairo
7939,1141,84,2,2025-08-23 20:18:07,Cairo
7940,1724,76,5,2025-08-23 20:51:51,Alexandria
7941,1146,51,4,2025-08-24 18:11:36,Cairo
7942,839,60,4,2025-08-24 04:42:30,Aswan
7943,1475,97,1,2025-08-26 16:59:12,Luxor
7944,1142,59,2,2025-08-25 05:41:33,Cairo
7945,488,14,1,2025-08-25 15:54:49,Cairo
7946,1768,64,3,2025-08-23 21:47:04,Giza
7947,206,50,5,2025-08-23 22:24:01,Cairo
7948,1350,88,2,2025-08-26 04:18:00,Alexandria
7949,555,7,2,2025-08-23 23:44:09,Alexandria
7950,111,14,5,2025-08-26 06:10:46,Luxor
7951,359,46,4,2025-08-24 11:04:10,Luxor
7952,1959,55,2,2025-08-25 05:26:46,Luxor
7953,1048,84,4,2025-08-25 07:30:24,Cairo
7954,517,57,2,2025-08-26 13:15:30,Alexandria
7955,364,31,5,2025-08-26 10:33:04,Alexandria
7956,1538,21,1,2025-08-25 00:06:48,Aswan
7957,920,80,2,2025-08-25 13:34:01,Luxor
7958,1739,15,2,2025-08-26 06:24:52,Giza
7959,1947,56,4,2025-08-25 14:42:41,Aswan
7960,673,99,3,2025-08-23 21:28:17,Cairo
7961,1116,13,4,2025-08-24 20:14:40,Aswan
7962,972,48,1,2025-08-24 17:06:14,Alexandria
7963,731,72,4,2025-08-25 14:09:52,Giza
7964,363,83,3,2025-08-23 20:23:04,Aswan
7965,371,91,4,2025-08-24 00:16:21,Aswan
7966,1915,60,3,2025-08-24 11:54:13,Aswan
7967,1415,64,2,2025-08-25 15:58:57,Aswan
7968,858,44,4,2025-08-24 04:39:10,Giza
7969,1495,19,4,2025-08-26 08:36:58,Cairo
7970,1554,5,4,2025-08-25 10:49:15,Aswan
7971,671,17,1,2025-08-25 23:46:17,Giza
7972,889,39,5,2025-08-24 02:54:00,Luxor
7973,189,74,3,2025-08-24 09:50:11,Alexandria
7974,903,74,5,2025-08-26 04:46:08,Cairo
7975,709,26,3,2025-08-25 05:13:39,Luxor
7976,569,37,4,2025-08-25 18:52:19,Aswan
7977,343,90,1,2025-08-24 06:05:16,Aswan
7978,451,92,2,2025-08-23 21:43:19,Luxor
7979,281,34,1,2025-08-25 13:13:08,Aswan
7980,1035,79,5,2025-08-23 23:05:34,Cairo
7981,1402,88,5,2025-08-24 17:52:11,Aswan
7982,372,71,2,2025-08-25 05:46:30,Giza
7983,565,15,2,2025-08-24 11:40:24,Giza
7984,1694,11,3,2025-08-25 07:59:08,Alexandria
7985,1439,74,3,2025-08-24 11:36:19,Alexandria
7986,1629,69,4,2025-08-25 05:29:57,Aswan
7987,254,36,2,2025-08-23 20:12:47,Luxor
7988,762,81,4,2025-08-24 07:44:34,Cairo
7989,1041,77,2,2025-08-25 03:54:17,Alexandria
7990,285,73,1,2025-08-26 10:43:01,Cairo
7991,430,55,2,2025-08-25 01:13:16,Alexandria
7992,659,70,4,2025-08-25 19:18:51,Aswan
7993,98,55,4,2025-08-24 03:48:30,Luxor
7994,1862,43,5,2025-08-26 09:03:29,Cairo
7995,1328,12,5,2025-08-25 12:09:00,Aswan
7996,338,83,3,2025-08-26 02:30:44,Aswan
7997,1085,9,3,2025-08-25 13:17:52,Luxor
7998,1516,49,1,2025-08-25 17:03:06,Alexandria
7999,1348,40,4,2025-08-24 15:10:07,Luxor
8000,424,9,1,2025-08-26 02:40:16,Aswan
